year,age,population,sex
1989,0,370680,men
1989,0,354974,women
1989,1,379109,men
1989,1,362729,women
1989,2,397772,men
1989,2,381864,women
1989,3,387079,men
1989,3,374154,women
1989,4,399224,men
1989,4,383125,women
1989,5,403120,men
1989,5,390385,women
1989,6,374190,men
1989,6,361074,women
1989,7,361379,men
1989,7,349656,women
1989,8,374245,men
1989,8,360196,women
1989,9,366513,men
1989,9,353263,women
1989,10,365252,men
1989,10,353444,women
1989,11,358882,men
1989,11,348483,women
1989,12,374373,men
1989,12,363147,women
1989,13,369002,men
1989,13,359436,women
1989,14,367348,men
1989,14,357371,women
1989,15,372240,men
1989,15,354567,women
1989,16,386514,men
1989,16,368871,women
1989,17,377658,men
1989,17,355397,women
1989,18,350223,men
1989,18,343807,women
1989,19,321252,men
1989,19,318730,women
1989,20,328366,men
1989,20,327607,women
1989,21,331818,men
1989,21,325406,women
1989,22,340749,men
1989,22,335322,women
1989,23,332679,men
1989,23,329902,women
1989,24,350974,men
1989,24,349593,women
1989,25,373758,men
1989,25,375162,women
1989,26,386940,men
1989,26,390165,women
1989,27,395429,men
1989,27,397253,women
1989,28,412097,men
1989,28,417496,women
1989,29,401412,men
1989,29,407403,women
1989,30,403062,men
1989,30,410270,women
1989,31,391578,men
1989,31,398415,women
1989,32,383800,men
1989,32,394610,women
1989,33,367004,men
1989,33,378197,women
1989,34,378785,men
1989,34,393285,women
1989,35,353831,men
1989,35,368733,women
1989,36,367021,men
1989,36,383364,women
1989,37,364720,men
1989,37,378440,women
1989,38,362303,men
1989,38,381820,women
1989,39,378533,men
1989,39,403483,women
1989,40,331739,men
1989,40,353979,women
1989,41,287001,men
1989,41,308456,women
1989,42,284709,men
1989,42,309668,women
1989,43,181163,men
1989,43,202009,women
1989,44,210991,men
1989,44,237363,women
1989,45,198678,men
1989,45,222868,women
1989,46,246684,men
1989,46,281601,women
1989,47,337941,men
1989,47,381218,women
1989,48,342251,men
1989,48,390299,women
1989,49,378488,men
1989,49,440594,women
1989,50,405192,men
1989,50,475089,women
1989,51,428888,men
1989,51,490721,women
1989,52,352047,men
1989,52,405164,women
1989,53,302219,men
1989,53,341309,women
1989,54,237263,men
1989,54,266450,women
1989,55,201486,men
1989,55,236385,women
1989,56,248080,men
1989,56,307450,women
1989,57,259637,men
1989,57,316730,women
1989,58,312694,men
1989,58,398160,women
1989,59,294377,men
1989,59,380545,women
1989,60,309841,men
1989,60,415195,women
1989,61,289783,men
1989,61,392852,women
1989,62,252197,men
1989,62,396793,women
1989,63,222412,men
1989,63,379047,women
1989,64,200714,men
1989,64,374278,women
1989,65,176425,men
1989,65,337763,women
1989,66,144950,men
1989,66,307433,women
1989,67,131395,men
1989,67,265449,women
1989,68,108535,men
1989,68,226483,women
1989,69,102297,men
1989,69,219660,women
1989,70,104614,men
1989,70,231430,women
1989,71,64816,men
1989,71,145290,women
1989,72,68603,men
1989,72,163322,women
1989,73,81736,men
1989,73,193466,women
1989,74,100189,men
1989,74,260239,women
1989,75,91415,men
1989,75,222941,women
1989,76,93374,men
1989,76,252503,women
1989,77,76578,men
1989,77,190244,women
1989,78,73652,men
1989,78,208216,women
1989,79,59937,men
1989,79,156056,women
1989,80 і старше,285892,men
1989,80 і старше,878031,women
1989,Вік невідомий,3311,men
1989,Вік невідомий,3578,women
1990,0,352522,men
1990,0,335605,women
1990,1,380267,men
1990,1,362021,women
1990,2,379354,men
1990,2,362989,women
1990,3,398030,men
1990,3,382896,women
1990,4,386286,men
1990,4,374139,women
1990,5,397974,men
1990,5,382253,women
1990,6,404597,men
1990,6,391306,women
1990,7,374984,men
1990,7,361085,women
1990,8,362209,men
1990,8,350422,women
1990,9,374491,men
1990,9,360813,women
1990,10,366802,men
1990,10,353209,women
1990,11,364897,men
1990,11,353218,women
1990,12,358238,men
1990,12,348047,women
1990,13,374567,men
1990,13,363691,women
1990,14,368090,men
1990,14,359195,women
1990,15,370365,men
1990,15,359739,women
1990,16,373279,men
1990,16,356708,women
1990,17,388531,men
1990,17,372229,women
1990,18,370674,men
1990,18,353298,women
1990,19,346604,men
1990,19,342551,women
1990,20,324792,men
1990,20,319683,women
1990,21,327289,men
1990,21,328804,women
1990,22,335241,men
1990,22,326939,women
1990,23,339661,men
1990,23,335874,women
1990,24,331750,men
1990,24,331207,women
1990,25,351303,men
1990,25,351115,women
1990,26,373741,men
1990,26,377202,women
1990,27,386329,men
1990,27,391416,women
1990,28,394856,men
1990,28,399436,women
1990,29,411831,men
1990,29,415661,women
1990,30,402297,men
1990,30,411428,women
1990,31,396902,men
1990,31,405249,women
1990,32,390979,men
1990,32,399770,women
1990,33,381487,men
1990,33,394305,women
1990,34,364733,men
1990,34,377968,women
1990,35,376286,men
1990,35,391994,women
1990,36,349901,men
1990,36,366551,women
1990,37,368623,men
1990,37,386077,women
1990,38,363619,men
1990,38,379263,women
1990,39,361510,men
1990,39,382355,women
1990,40,380440,men
1990,40,406468,women
1990,41,320468,men
1990,41,344694,women
1990,42,287632,men
1990,42,311224,women
1990,43,274546,men
1990,43,302055,women
1990,44,179601,men
1990,44,201856,women
1990,45,214931,men
1990,45,241642,women
1990,46,194441,men
1990,46,219606,women
1990,47,254314,men
1990,47,289885,women
1990,48,329383,men
1990,48,375044,women
1990,49,342436,men
1990,49,392971,women
1990,50,375421,men
1990,50,441018,women
1990,51,400020,men
1990,51,472350,women
1990,52,424131,men
1990,52,488750,women
1990,53,344653,men
1990,53,400038,women
1990,54,297453,men
1990,54,338658,women
1990,55,227760,men
1990,55,259023,women
1990,56,197711,men
1990,56,234948,women
1990,57,246548,men
1990,57,308934,women
1990,58,261294,men
1990,58,322269,women
1990,59,296344,men
1990,59,381177,women
1990,60,292886,men
1990,60,383248,women
1990,61,301355,men
1990,61,410137,women
1990,62,281255,men
1990,62,386798,women
1990,63,243509,men
1990,63,390404,women
1990,64,214022,men
1990,64,372572,women
1990,65,194055,men
1990,65,369345,women
1990,66,166625,men
1990,66,326580,women
1990,67,138869,men
1990,67,301648,women
1990,68,125330,men
1990,68,258182,women
1990,69,103161,men
1990,69,219641,women
1990,70,100962,men
1990,70,227952,women
1990,71,89877,men
1990,71,192789,women
1990,72,64494,men
1990,72,153160,women
1990,73,64610,men
1990,73,157870,women
1990,74,76812,men
1990,74,186416,women
1990,75,93266,men
1990,75,249580,women
1990,76,84161,men
1990,76,209710,women
1990,77,85727,men
1990,77,238935,women
1990,78,69153,men
1990,78,187615,women
1990,79,67044,men
1990,79,170551,women
1990,80 і старше,293605,men
1990,80 і старше,906863,women
1990,Вік невідомий,NA,men
1990,Вік невідомий,NA,women
1991,0,333778,men
1991,0,317211,women
1991,1,352870,men
1991,1,336108,women
1991,2,380815,men
1991,2,362501,women
1991,3,380973,men
1991,3,364403,women
1991,4,399856,men
1991,4,384603,women
1991,5,388243,men
1991,5,375319,women
1991,6,399552,men
1991,6,383697,women
1991,7,406417,men
1991,7,392458,women
1991,8,376274,men
1991,8,361647,women
1991,9,363290,men
1991,9,351469,women
1991,10,375371,men
1991,10,361698,women
1991,11,366655,men
1991,11,353101,women
1991,12,364744,men
1991,12,353271,women
1991,13,357746,men
1991,13,347474,women
1991,14,374246,men
1991,14,363743,women
1991,15,370713,men
1991,15,361873,women
1991,16,370474,men
1991,16,360509,women
1991,17,373295,men
1991,17,359332,women
1991,18,380980,men
1991,18,370949,women
1991,19,365630,men
1991,19,353121,women
1991,20,347904,men
1991,20,344178,women
1991,21,327608,men
1991,21,320938,women
1991,22,328031,men
1991,22,329505,women
1991,23,334884,men
1991,23,327443,women
1991,24,338821,men
1991,24,336697,women
1991,25,331477,men
1991,25,332455,women
1991,26,350885,men
1991,26,351914,women
1991,27,372955,men
1991,27,377976,women
1991,28,385121,men
1991,28,391793,women
1991,29,394029,men
1991,29,400022,women
1991,30,411047,men
1991,30,416588,women
1991,31,400217,men
1991,31,411682,women
1991,32,395306,men
1991,32,405736,women
1991,33,388920,men
1991,33,399299,women
1991,34,380121,men
1991,34,394509,women
1991,35,362767,men
1991,35,377784,women
1991,36,374288,men
1991,36,391859,women
1991,37,347532,men
1991,37,366061,women
1991,38,366680,men
1991,38,385506,women
1991,39,361933,men
1991,39,379271,women
1991,40,359788,men
1991,40,382165,women
1991,41,378105,men
1991,41,405966,women
1991,42,318195,men
1991,42,344012,women
1991,43,285548,men
1991,43,310646,women
1991,44,272612,men
1991,44,301801,women
1991,45,178667,men
1991,45,201725,women
1991,46,213481,men
1991,46,241270,women
1991,47,192795,men
1991,47,219183,women
1991,48,251903,men
1991,48,289080,women
1991,49,326270,men
1991,49,374326,women
1991,50,338858,men
1991,50,392104,women
1991,51,370975,men
1991,51,439450,women
1991,52,394807,men
1991,52,470134,women
1991,53,418136,men
1991,53,486483,women
1991,54,339568,men
1991,54,397967,women
1991,55,292512,men
1991,55,336935,women
1991,56,223704,men
1991,56,257476,women
1991,57,193666,men
1991,57,232738,women
1991,58,241037,men
1991,58,305978,women
1991,59,255486,men
1991,59,318779,women
1991,60,289975,men
1991,60,378497,women
1991,61,284799,men
1991,61,378214,women
1991,62,292726,men
1991,62,404468,women
1991,63,272791,men
1991,63,381250,women
1991,64,235181,men
1991,64,384081,women
1991,65,206176,men
1991,65,366123,women
1991,66,186403,men
1991,66,361951,women
1991,67,159570,men
1991,67,319453,women
1991,68,132673,men
1991,68,294555,women
1991,69,119385,men
1991,69,251871,women
1991,70,97838,men
1991,70,213251,women
1991,71,95210,men
1991,71,219843,women
1991,72,84645,men
1991,72,187088,women
1991,73,60080,men
1991,73,146227,women
1991,74,60053,men
1991,74,150659,women
1991,75,71019,men
1991,75,177005,women
1991,76,85579,men
1991,76,236197,women
1991,77,76807,men
1991,77,197261,women
1991,78,77666,men
1991,78,223593,women
1991,79,62137,men
1991,79,173689,women
1991,80 і старше,307277,men
1991,80 і старше,927799,women
1991,Вік невідомий,NA,men
1991,Вік невідомий,NA,women
1992,0,323446,men
1992,0,306206,women
1992,1,334189,men
1992,1,317853,women
1992,2,353785,men
1992,2,336926,women
1992,3,381403,men
1992,3,363292,women
1992,4,382792,men
1992,4,365966,women
1992,5,401783,men
1992,5,386492,women
1992,6,390194,men
1992,6,376972,women
1992,7,401494,men
1992,7,385380,women
1992,8,408323,men
1992,8,393959,women
1992,9,377838,men
1992,9,362668,women
1992,10,364622,men
1992,10,352761,women
1992,11,376444,men
1992,11,362966,women
1992,12,366726,men
1992,12,353449,women
1992,13,364807,men
1992,13,353629,women
1992,14,357491,men
1992,14,347551,women
1992,15,374181,men
1992,15,365206,women
1992,16,369112,men
1992,16,361197,women
1992,17,367363,men
1992,17,359998,women
1992,18,368554,men
1992,18,357441,women
1992,19,377177,men
1992,19,370050,women
1992,20,366423,men
1992,20,353665,women
1992,21,349032,men
1992,21,345047,women
1992,22,327609,men
1992,22,321929,women
1992,23,328258,men
1992,23,330376,women
1992,24,334025,men
1992,24,328389,women
1992,25,339005,men
1992,25,337935,women
1992,26,332130,men
1992,26,334073,women
1992,27,351417,men
1992,27,353376,women
1992,28,373653,men
1992,28,379356,women
1992,29,385500,men
1992,29,393096,women
1992,30,394986,men
1992,30,402092,women
1992,31,411657,men
1992,31,418652,women
1992,32,400183,men
1992,32,412778,women
1992,33,395446,men
1992,33,407149,women
1992,34,388456,men
1992,34,400239,women
1992,35,380023,men
1992,35,395893,women
1992,36,362359,men
1992,36,378668,women
1992,37,373866,men
1992,37,392693,women
1992,38,346571,men
1992,38,366357,women
1992,39,365599,men
1992,39,385950,women
1992,40,361097,men
1992,40,380153,women
1992,41,358791,men
1992,41,382769,women
1992,42,376598,men
1992,42,406294,women
1992,43,316296,men
1992,43,343736,women
1992,44,283821,men
1992,44,310586,women
1992,45,270898,men
1992,45,301790,women
1992,46,177521,men
1992,46,201717,women
1992,47,211414,men
1992,47,240828,women
1992,48,190735,men
1992,48,218674,women
1992,49,249195,men
1992,49,288270,women
1992,50,322887,men
1992,50,374041,women
1992,51,335262,men
1992,51,391603,women
1992,52,366494,men
1992,52,438301,women
1992,53,389437,men
1992,53,468282,women
1992,54,411817,men
1992,54,484357,women
1992,55,333977,men
1992,55,396204,women
1992,56,287236,men
1992,56,335125,women
1992,57,219356,men
1992,57,255931,women
1992,58,189212,men
1992,58,230564,women
1992,59,235274,men
1992,59,303124,women
1992,60,249199,men
1992,60,315467,women
1992,61,283333,men
1992,61,375918,women
1992,62,276023,men
1992,62,373128,women
1992,63,283544,men
1992,63,398838,women
1992,64,263811,men
1992,64,375550,women
1992,65,226511,men
1992,65,377590,women
1992,66,197956,men
1992,66,359213,women
1992,67,178090,men
1992,67,353847,women
1992,68,151766,men
1992,68,311860,women
1992,69,126084,men
1992,69,286628,women
1992,70,112974,men
1992,70,244720,women
1992,71,92072,men
1992,71,206069,women
1992,72,89214,men
1992,72,211005,women
1992,73,79054,men
1992,73,180936,women
1992,74,55534,men
1992,74,138758,women
1992,75,55279,men
1992,75,143086,women
1992,76,64846,men
1992,76,167408,women
1992,77,77748,men
1992,77,222325,women
1992,78,69284,men
1992,78,184061,women
1992,79,69543,men
1992,79,207501,women
1992,80 і старше,312339,men
1992,80 і старше,954858,women
1992,Вік невідомий,NA,men
1992,Вік невідомий,NA,women
1993,0,304090,men
1993,0,289309,women
1993,1,324756,men
1993,1,307991,women
1993,2,337063,men
1993,2,320814,women
1993,3,356329,men
1993,3,339812,women
1993,4,383551,men
1993,4,365980,women
1993,5,386321,men
1993,5,369634,women
1993,6,405467,men
1993,6,390279,women
1993,7,393759,men
1993,7,380530,women
1993,8,404708,men
1993,8,389006,women
1993,9,411584,men
1993,9,397189,women
1993,10,380618,men
1993,10,365332,women
1993,11,367179,men
1993,11,355482,women
1993,12,378614,men
1993,12,365521,women
1993,13,367904,men
1993,13,355224,women
1993,14,365882,men
1993,14,355517,women
1993,15,358845,men
1993,15,350736,women
1993,16,374833,men
1993,16,367608,women
1993,17,367295,men
1993,17,366294,women
1993,18,365774,men
1993,18,362271,women
1993,19,366005,men
1993,19,356784,women
1993,20,378656,men
1993,20,369548,women
1993,21,369513,men
1993,21,354731,women
1993,22,351533,men
1993,22,344673,women
1993,23,329051,men
1993,23,322407,women
1993,24,330246,men
1993,24,331868,women
1993,25,335118,men
1993,25,330453,women
1993,26,340457,men
1993,26,340440,women
1993,27,334105,men
1993,27,336926,women
1993,28,352901,men
1993,28,356339,women
1993,29,375046,men
1993,29,382508,women
1993,30,387204,men
1993,30,396821,women
1993,31,396771,men
1993,31,405776,women
1993,32,413373,men
1993,32,422398,women
1993,33,401164,men
1993,33,415598,women
1993,34,396591,men
1993,34,410205,women
1993,35,388837,men
1993,35,402646,women
1993,36,380642,men
1993,36,398637,women
1993,37,362400,men
1993,37,380663,women
1993,38,373992,men
1993,38,394754,women
1993,39,346088,men
1993,39,367953,women
1993,40,364696,men
1993,40,387656,women
1993,41,360671,men
1993,41,382215,women
1993,42,358210,men
1993,42,384295,women
1993,43,375227,men
1993,43,407537,women
1993,44,314898,men
1993,44,344436,women
1993,45,282510,men
1993,45,311054,women
1993,46,269846,men
1993,46,302404,women
1993,47,176357,men
1993,47,202032,women
1993,48,209575,men
1993,48,240586,women
1993,49,188784,men
1993,49,218277,women
1993,50,246537,men
1993,50,287906,women
1993,51,319573,men
1993,51,374031,women
1993,52,331475,men
1993,52,391443,women
1993,53,361419,men
1993,53,437339,women
1993,54,383329,men
1993,54,466550,women
1993,55,405061,men
1993,55,482534,women
1993,56,328283,men
1993,56,394410,women
1993,57,281700,men
1993,57,333335,women
1993,58,214753,men
1993,58,254111,women
1993,59,184723,men
1993,59,228070,women
1993,60,229156,men
1993,60,299757,women
1993,61,242428,men
1993,61,311696,women
1993,62,275883,men
1993,62,372345,women
1993,63,266672,men
1993,63,367469,women
1993,64,273448,men
1993,64,392463,women
1993,65,253711,men
1993,65,368766,women
1993,66,217365,men
1993,66,370156,women
1993,67,188832,men
1993,67,351539,women
1993,68,169545,men
1993,68,344906,women
1993,69,143809,men
1993,69,303075,women
1993,70,119165,men
1993,70,277678,women
1993,71,106334,men
1993,71,236840,women
1993,72,86341,men
1993,72,198123,women
1993,73,82953,men
1993,73,201636,women
1993,74,73529,men
1993,74,173909,women
1993,75,51188,men
1993,75,131008,women
1993,76,50586,men
1993,76,134712,women
1993,77,58893,men
1993,77,156912,women
1993,78,70005,men
1993,78,206922,women
1993,79,61787,men
1993,79,170097,women
1993,80 і старше,322768,men
1993,80 і старше,1007253,women
1993,Вік невідомий,NA,men
1993,Вік невідомий,NA,women
1994,0,285432,men
1994,0,271320,women
1994,1,303171,men
1994,1,288476,women
1994,2,324720,men
1994,2,308220,women
1994,3,337636,men
1994,3,321312,women
1994,4,356740,men
1994,4,340226,women
1994,5,383504,men
1994,5,365947,women
1994,6,387518,men
1994,6,370667,women
1994,7,407022,men
1994,7,391539,women
1994,8,395274,men
1994,8,381709,women
1994,9,406042,men
1994,9,390219,women
1994,10,413040,men
1994,10,398116,women
1994,11,381542,men
1994,11,365915,women
1994,12,368044,men
1994,12,356304,women
1994,13,379275,men
1994,13,366153,women
1994,14,367537,men
1994,14,355060,women
1994,15,365995,men
1994,15,356128,women
1994,16,358077,men
1994,16,350530,women
1994,17,372915,men
1994,17,365725,women
1994,18,365643,men
1994,18,364649,women
1994,19,363223,men
1994,19,359763,women
1994,20,364647,men
1994,20,354307,women
1994,21,376790,men
1994,21,366861,women
1994,22,365740,men
1994,22,352686,women
1994,23,349496,men
1994,23,343939,women
1994,24,326750,men
1994,24,322201,women
1994,25,328226,men
1994,25,331402,women
1994,26,332717,men
1994,26,330192,women
1994,27,338847,men
1994,27,340503,women
1994,28,333120,men
1994,28,337397,women
1994,29,351654,men
1994,29,356848,women
1994,30,374038,men
1994,30,382963,women
1994,31,385887,men
1994,31,397323,women
1994,32,395856,men
1994,32,406593,women
1994,33,412473,men
1994,33,423441,women
1994,34,399429,men
1994,34,415760,women
1994,35,395269,men
1994,35,410803,women
1994,36,386591,men
1994,36,402624,women
1994,37,379013,men
1994,37,399060,women
1994,38,360446,men
1994,38,380590,women
1994,39,371649,men
1994,39,394690,women
1994,40,343347,men
1994,40,367480,women
1994,41,361623,men
1994,41,387091,women
1994,42,357961,men
1994,42,382236,women
1994,43,355318,men
1994,43,384000,women
1994,44,371822,men
1994,44,406697,women
1994,45,311344,men
1994,45,343329,women
1994,46,279184,men
1994,46,310159,women
1994,47,266421,men
1994,47,301662,women
1994,48,173973,men
1994,48,201549,women
1994,49,206497,men
1994,49,239632,women
1994,50,185685,men
1994,50,217315,women
1994,51,242379,men
1994,51,286557,women
1994,52,314173,men
1994,52,372712,women
1994,53,325828,men
1994,53,389889,women
1994,54,354404,men
1994,54,435027,women
1994,55,375446,men
1994,55,463545,women
1994,56,396494,men
1994,56,479300,women
1994,57,320752,men
1994,57,391222,women
1994,58,274551,men
1994,58,330451,women
1994,59,208923,men
1994,59,251561,women
1994,60,179135,men
1994,60,225036,women
1994,61,222058,men
1994,61,295789,women
1994,62,234379,men
1994,62,307126,women
1994,63,267080,men
1994,63,368097,women
1994,64,255929,men
1994,64,360725,women
1994,65,261679,men
1994,65,384930,women
1994,66,242007,men
1994,66,361153,women
1994,67,206723,men
1994,67,361355,women
1994,68,179104,men
1994,68,342626,women
1994,69,160018,men
1994,69,334709,women
1994,70,135180,men
1994,70,293419,women
1994,71,111461,men
1994,71,267749,women
1994,72,99135,men
1994,72,227900,women
1994,73,80116,men
1994,73,189488,women
1994,74,76297,men
1994,74,191200,women
1994,75,67256,men
1994,75,165732,women
1994,76,46401,men
1994,76,122656,women
1994,77,45627,men
1994,77,125665,women
1994,78,52558,men
1994,78,145292,women
1994,79,61874,men
1994,79,190419,women
1994,80 і старше,319915,men
1994,80 і старше,1013689,women
1994,Вік невідомий,NA,men
1994,Вік невідомий,NA,women
1995,0,264999,men
1995,0,250881,women
1995,1,282728,men
1995,1,269050,women
1995,2,301325,men
1995,2,286640,women
1995,3,322937,men
1995,3,306621,women
1995,4,336324,men
1995,4,320094,women
1995,5,355133,men
1995,5,338489,women
1995,6,381270,men
1995,6,363951,women
1995,7,386555,men
1995,7,369783,women
1995,8,406583,men
1995,8,390814,women
1995,9,394892,men
1995,9,381012,women
1995,10,405590,men
1995,10,389577,women
1995,11,412724,men
1995,11,397363,women
1995,12,380977,men
1995,12,364926,women
1995,13,367630,men
1995,13,355837,women
1995,14,378468,men
1995,14,365485,women
1995,15,365790,men
1995,15,353928,women
1995,16,364008,men
1995,16,354636,women
1995,17,353787,men
1995,17,347275,women
1995,18,370531,men
1995,18,363613,women
1995,19,363353,men
1995,19,361573,women
1995,20,361515,men
1995,20,356396,women
1995,21,361085,men
1995,21,350406,women
1995,22,371466,men
1995,22,361746,women
1995,23,361073,men
1995,23,349189,women
1995,24,346558,men
1995,24,341636,women
1995,25,323306,men
1995,25,320005,women
1995,26,325299,men
1995,26,329028,women
1995,27,328780,men
1995,27,327839,women
1995,28,335324,men
1995,28,338452,women
1995,29,330000,men
1995,29,335578,women
1995,30,348135,men
1995,30,354842,women
1995,31,370585,men
1995,31,381030,women
1995,32,381967,men
1995,32,395382,women
1995,33,392688,men
1995,33,405244,women
1995,34,409141,men
1995,34,422063,women
1995,35,395438,men
1995,35,413698,women
1995,36,391605,men
1995,36,409367,women
1995,37,382141,men
1995,37,400655,women
1995,38,375108,men
1995,38,397657,women
1995,39,356211,men
1995,39,378760,women
1995,40,366985,men
1995,40,392701,women
1995,41,338793,men
1995,41,365359,women
1995,42,356515,men
1995,42,384802,women
1995,43,353204,men
1995,43,380596,women
1995,44,350558,men
1995,44,382193,women
1995,45,366059,men
1995,45,404425,women
1995,46,306386,men
1995,46,341017,women
1995,47,274290,men
1995,47,307905,women
1995,48,261590,men
1995,48,299820,women
1995,49,170755,men
1995,49,200335,women
1995,50,202355,men
1995,50,237874,women
1995,51,182015,men
1995,51,215933,women
1995,52,237245,men
1995,52,284336,women
1995,53,307444,men
1995,53,370264,women
1995,54,318699,men
1995,54,387022,women
1995,55,345932,men
1995,55,431039,women
1995,56,366257,men
1995,56,458768,women
1995,57,385897,men
1995,57,474187,women
1995,58,311679,men
1995,58,386677,women
1995,59,266392,men
1995,59,326221,women
1995,60,201835,men
1995,60,248014,women
1995,61,172572,men
1995,61,221408,women
1995,62,213872,men
1995,62,290765,women
1995,63,225427,men
1995,63,301594,women
1995,64,257201,men
1995,64,362546,women
1995,65,244176,men
1995,65,352670,women
1995,66,249257,men
1995,66,375850,women
1995,67,229704,men
1995,67,352061,women
1995,68,195001,men
1995,68,351172,women
1995,69,168800,men
1995,69,332133,women
1995,70,149839,men
1995,70,322754,women
1995,71,126176,men
1995,71,282282,women
1995,72,103450,men
1995,72,256215,women
1995,73,91806,men
1995,73,217843,women
1995,74,73765,men
1995,74,179803,women
1995,75,69499,men
1995,75,179504,women
1995,76,61195,men
1995,76,156439,women
1995,77,41808,men
1995,77,113371,women
1995,78,40625,men
1995,78,115971,women
1995,79,46474,men
1995,79,132742,women
1995,80 і старше,317800,men
1995,80 і старше,1030938,women
1995,Вік невідомий,NA,men
1995,Вік невідомий,NA,women
1996,0,250479,men
1996,0,236676,women
1996,1,263180,men
1996,1,249512,women
1996,2,281100,men
1996,2,267414,women
1996,3,299949,men
1996,3,285344,women
1996,4,321683,men
1996,4,305396,women
1996,5,335594,men
1996,5,319309,women
1996,6,353807,men
1996,6,337163,women
1996,7,379412,men
1996,7,362256,women
1996,8,385840,men
1996,8,368925,women
1996,9,406427,men
1996,9,390389,women
1996,10,394652,men
1996,10,380500,women
1996,11,405397,men
1996,11,389242,women
1996,12,412510,men
1996,12,396778,women
1996,13,380570,men
1996,13,364009,women
1996,14,367145,men
1996,14,355330,women
1996,15,377661,men
1996,15,364968,women
1996,16,363860,men
1996,16,352346,women
1996,17,360430,men
1996,17,351477,women
1996,18,352000,men
1996,18,345168,women
1996,19,368454,men
1996,19,361534,women
1996,20,362455,men
1996,20,359317,women
1996,21,359047,men
1996,21,353446,women
1996,22,356200,men
1996,22,346177,women
1996,23,366709,men
1996,23,358266,women
1996,24,357901,men
1996,24,347047,women
1996,25,344876,men
1996,25,340401,women
1996,26,320834,men
1996,26,318542,women
1996,27,323321,men
1996,27,327110,women
1996,28,325520,men
1996,28,326103,women
1996,29,332680,men
1996,29,336787,women
1996,30,327518,men
1996,30,334323,women
1996,31,345120,men
1996,31,353296,women
1996,32,367531,men
1996,32,379417,women
1996,33,378667,men
1996,33,393604,women
1996,34,389681,men
1996,34,404158,women
1996,35,405822,men
1996,35,420780,women
1996,36,391428,men
1996,36,411739,women
1996,37,387957,men
1996,37,407895,women
1996,38,377833,men
1996,38,398588,women
1996,39,371267,men
1996,39,396033,women
1996,40,351739,men
1996,40,376835,women
1996,41,362150,men
1996,41,390820,women
1996,42,333872,men
1996,42,363236,women
1996,43,351230,men
1996,43,382520,women
1996,44,348165,men
1996,44,378898,women
1996,45,345154,men
1996,45,380194,women
1996,46,360270,men
1996,46,401970,women
1996,47,301201,men
1996,47,338513,women
1996,48,269204,men
1996,48,305508,women
1996,49,256544,men
1996,49,297798,women
1996,50,166947,men
1996,50,198840,women
1996,51,197974,men
1996,51,236160,women
1996,52,177897,men
1996,52,214184,women
1996,53,231583,men
1996,53,281956,women
1996,54,300051,men
1996,54,367402,women
1996,55,310641,men
1996,55,383745,women
1996,56,336827,men
1996,56,426999,women
1996,57,355797,men
1996,57,453658,women
1996,58,374633,men
1996,58,468527,women
1996,59,302140,men
1996,59,381818,women
1996,60,257036,men
1996,60,321703,women
1996,61,194562,men
1996,61,244322,women
1996,62,165776,men
1996,62,217421,women
1996,63,205052,men
1996,63,285364,women
1996,64,215510,men
1996,64,295504,women
1996,65,246428,men
1996,65,356327,women
1996,66,231857,men
1996,66,344131,women
1996,67,236227,men
1996,67,366263,women
1996,68,216780,men
1996,68,342638,women
1996,69,183382,men
1996,69,340425,women
1996,70,158068,men
1996,70,320928,women
1996,71,139584,men
1996,71,310284,women
1996,72,116814,men
1996,72,270418,women
1996,73,95456,men
1996,73,244294,women
1996,74,84494,men
1996,74,207160,women
1996,75,67286,men
1996,75,169757,women
1996,76,62828,men
1996,76,167799,women
1996,77,55120,men
1996,77,146920,women
1996,78,37072,men
1996,78,103992,women
1996,79,35788,men
1996,79,105970,women
1996,80 і старше,299900,men
1996,80 і старше,994582,women
1996,Вік невідомий,NA,men
1996,Вік невідомий,NA,women
1997,0,238069,men
1997,0,223722,women
1997,1,249187,men
1997,1,235812,women
1997,2,261996,men
1997,2,248321,women
1997,3,279237,men
1997,3,265608,women
1997,4,298517,men
1997,4,283960,women
1997,5,320106,men
1997,5,304016,women
1997,6,334347,men
1997,6,318052,women
1997,7,352098,men
1997,7,335640,women
1997,8,377330,men
1997,8,360063,women
1997,9,384894,men
1997,9,367810,women
1997,10,405921,men
1997,10,389593,women
1997,11,394136,men
1997,11,379739,women
1997,12,404820,men
1997,12,388483,women
1997,13,412112,men
1997,13,396023,women
1997,14,379873,men
1997,14,362874,women
1997,15,366407,men
1997,15,354636,women
1997,16,376428,men
1997,16,363989,women
1997,17,360852,men
1997,17,349730,women
1997,18,359320,men
1997,18,349844,women
1997,19,349945,men
1997,19,342511,women
1997,20,367624,men
1997,20,359133,women
1997,21,360415,men
1997,21,356512,women
1997,22,354868,men
1997,22,349225,women
1997,23,351351,men
1997,23,342443,women
1997,24,361829,men
1997,24,354659,women
1997,25,353853,men
1997,25,344898,women
1997,26,342434,men
1997,26,338975,women
1997,27,317662,men
1997,27,316833,women
1997,28,320799,men
1997,28,325092,women
1997,29,321728,men
1997,29,323808,women
1997,30,329313,men
1997,30,334698,women
1997,31,324398,men
1997,31,332722,women
1997,32,341593,men
1997,32,351500,women
1997,33,363853,men
1997,33,377541,women
1997,34,374596,men
1997,34,391244,women
1997,35,386046,men
1997,35,402586,women
1997,36,401932,men
1997,36,419094,women
1997,37,387130,men
1997,37,409420,women
1997,38,383647,men
1997,38,406001,women
1997,39,372784,men
1997,39,396131,women
1997,40,366600,men
1997,40,394175,women
1997,41,346904,men
1997,41,374585,women
1997,42,357193,men
1997,42,388550,women
1997,43,328697,men
1997,43,360718,women
1997,44,345604,men
1997,44,379875,women
1997,45,342597,men
1997,45,376774,women
1997,46,339726,men
1997,46,377827,women
1997,47,354059,men
1997,47,399210,women
1997,48,295479,men
1997,48,335628,women
1997,49,263790,men
1997,49,302902,women
1997,50,250661,men
1997,50,295428,women
1997,51,163297,men
1997,51,197352,women
1997,52,193327,men
1997,52,234231,women
1997,53,173589,men
1997,53,212407,women
1997,54,225687,men
1997,54,279273,women
1997,55,292462,men
1997,55,364181,women
1997,56,302482,men
1997,56,380204,women
1997,57,327290,men
1997,57,422376,women
1997,58,344936,men
1997,58,447954,women
1997,59,362915,men
1997,59,462538,women
1997,60,291737,men
1997,60,376430,women
1997,61,247569,men
1997,61,316832,women
1997,62,186949,men
1997,62,240264,women
1997,63,158681,men
1997,63,213238,women
1997,64,196121,men
1997,64,279548,women
1997,65,205564,men
1997,65,289106,women
1997,66,235986,men
1997,66,349838,women
1997,67,219788,men
1997,67,335044,women
1997,68,222757,men
1997,68,355970,women
1997,69,203737,men
1997,69,332495,women
1997,70,171692,men
1997,70,328968,women
1997,71,147558,men
1997,71,309368,women
1997,72,129220,men
1997,72,297473,women
1997,73,107733,men
1997,73,257993,women
1997,74,87658,men
1997,74,231812,women
1997,75,77429,men
1997,75,196021,women
1997,76,60936,men
1997,76,159563,women
1997,77,56339,men
1997,77,155687,women
1997,78,49405,men
1997,78,137121,women
1997,79,32638,men
1997,79,94792,women
1997,80 і старше,275951,men
1997,80 і старше,937156,women
1997,Вік невідомий,NA,men
1997,Вік невідомий,NA,women
1998,0,224714,men
1998,0,212900,women
1998,1,237505,men
1998,1,223809,women
1998,2,248608,men
1998,2,235542,women
1998,3,261033,men
1998,3,247378,women
1998,4,277710,men
1998,4,264187,women
1998,5,297276,men
1998,5,282789,women
1998,6,318874,men
1998,6,302854,women
1998,7,333454,men
1998,7,317267,women
1998,8,350896,men
1998,8,334342,women
1998,9,375563,men
1998,9,358398,women
1998,10,384339,men
1998,10,367028,women
1998,11,405720,men
1998,11,389181,women
1998,12,393892,men
1998,12,379267,women
1998,13,404495,men
1998,13,388020,women
1998,14,412075,men
1998,14,395419,women
1998,15,379424,men
1998,15,362006,women
1998,16,365695,men
1998,16,354030,women
1998,17,374872,men
1998,17,362434,women
1998,18,359830,men
1998,18,348084,women
1998,19,357636,men
1998,19,347888,women
1998,20,347654,men
1998,20,340368,women
1998,21,365435,men
1998,21,357341,women
1998,22,356995,men
1998,22,353538,women
1998,23,351538,men
1998,23,346533,women
1998,24,347120,men
1998,24,339451,women
1998,25,357026,men
1998,25,351849,women
1998,26,350310,men
1998,26,343290,women
1998,27,340681,men
1998,27,338236,women
1998,28,315324,men
1998,28,315687,women
1998,29,319027,men
1998,29,323503,women
1998,30,318895,men
1998,30,322320,women
1998,31,326797,men
1998,31,333326,women
1998,32,322040,men
1998,32,331625,women
1998,33,338725,men
1998,33,349880,women
1998,34,360666,men
1998,34,376074,women
1998,35,371196,men
1998,35,389436,women
1998,36,382934,men
1998,36,401463,women
1998,37,398671,men
1998,37,417894,women
1998,38,383125,men
1998,38,407409,women
1998,39,379873,men
1998,39,404516,women
1998,40,368155,men
1998,40,393962,women
1998,41,362727,men
1998,41,392678,women
1998,42,342436,men
1998,42,372671,women
1998,43,352562,men
1998,43,386635,women
1998,44,323903,men
1998,44,358395,women
1998,45,340126,men
1998,45,377447,women
1998,46,337762,men
1998,46,374990,women
1998,47,334591,men
1998,47,375670,women
1998,48,348260,men
1998,48,396513,women
1998,49,290000,men
1998,49,333056,women
1998,50,258468,men
1998,50,300566,women
1998,51,245677,men
1998,51,293406,women
1998,52,159977,men
1998,52,196022,women
1998,53,188792,men
1998,53,232334,women
1998,54,169379,men
1998,54,210620,women
1998,55,219931,men
1998,55,276590,women
1998,56,285307,men
1998,56,361168,women
1998,57,294716,men
1998,57,376742,women
1998,58,318180,men
1998,58,417855,women
1998,59,334641,men
1998,59,442494,women
1998,60,350429,men
1998,60,456529,women
1998,61,281735,men
1998,61,371202,women
1998,62,238582,men
1998,62,312157,women
1998,63,179523,men
1998,63,236264,women
1998,64,151914,men
1998,64,208937,women
1998,65,187402,men
1998,65,273776,women
1998,66,196051,men
1998,66,282808,women
1998,67,225384,men
1998,67,343153,women
1998,68,207739,men
1998,68,326060,women
1998,69,209963,men
1998,69,345612,women
1998,70,191285,men
1998,70,321959,women
1998,71,160457,men
1998,71,317361,women
1998,72,137343,men
1998,72,297272,women
1998,73,119446,men
1998,73,284518,women
1998,74,99180,men
1998,74,245616,women
1998,75,80041,men
1998,75,219007,women
1998,76,70647,men
1998,76,184662,women
1998,77,55016,men
1998,77,148957,women
1998,78,50269,men
1998,78,143335,women
1998,79,44103,men
1998,79,127499,women
1998,80 і старше,253722,men
1998,80 і старше,876964,women
1998,Вік невідомий,NA,men
1998,Вік невідомий,NA,women
1999,0,212834,men
1999,0,202058,women
1999,1,223148,men
1999,1,211842,women
1999,2,237507,men
1999,2,224340,women
1999,3,248102,men
1999,3,235317,women
1999,4,259867,men
1999,4,246405,women
1999,5,276106,men
1999,5,262716,women
1999,6,296011,men
1999,6,281616,women
1999,7,317589,men
1999,7,301600,women
1999,8,332602,men
1999,8,316225,women
1999,9,349501,men
1999,9,333073,women
1999,10,373659,men
1999,10,356465,women
1999,11,383733,men
1999,11,366169,women
1999,12,405404,men
1999,12,388543,women
1999,13,393580,men
1999,13,378606,women
1999,14,403923,men
1999,14,387478,women
1999,15,411777,men
1999,15,394803,women
1999,16,378743,men
1999,16,360996,women
1999,17,364473,men
1999,17,352884,women
1999,18,374121,men
1999,18,361654,women
1999,19,358012,men
1999,19,345813,women
1999,20,355568,men
1999,20,346004,women
1999,21,344823,men
1999,21,338107,women
1999,22,362256,men
1999,22,354337,women
1999,23,354568,men
1999,23,350990,women
1999,24,348177,men
1999,24,343895,women
1999,25,342678,men
1999,25,336573,women
1999,26,352235,men
1999,26,349013,women
1999,27,346487,men
1999,27,341544,women
1999,28,338445,men
1999,28,337153,women
1999,29,313048,men
1999,29,314443,women
1999,30,317107,men
1999,30,322053,women
1999,31,316070,men
1999,31,320620,women
1999,32,324045,men
1999,32,331880,women
1999,33,319649,men
1999,33,330296,women
1999,34,335727,men
1999,34,348274,women
1999,35,357536,men
1999,35,374428,women
1999,36,367851,men
1999,36,387421,women
1999,37,379908,men
1999,37,400159,women
1999,38,395349,men
1999,38,416575,women
1999,39,379223,men
1999,39,405286,women
1999,40,375928,men
1999,40,402861,women
1999,41,363724,men
1999,41,391809,women
1999,42,358762,men
1999,42,391143,women
1999,43,338184,men
1999,43,370747,women
1999,44,347959,men
1999,44,384606,women
1999,45,319078,men
1999,45,356074,women
1999,46,334979,men
1999,46,374999,women
1999,47,332969,men
1999,47,373129,women
1999,48,329680,men
1999,48,373348,women
1999,49,342531,men
1999,49,393790,women
1999,50,284581,men
1999,50,330338,women
1999,51,253488,men
1999,51,298100,women
1999,52,241017,men
1999,52,291345,women
1999,53,156649,men
1999,53,194717,women
1999,54,184478,men
1999,54,230435,women
1999,55,165203,men
1999,55,208778,women
1999,56,214543,men
1999,56,273819,women
1999,57,278362,men
1999,57,358107,women
1999,58,287565,men
1999,58,373149,women
1999,59,309356,men
1999,59,413160,women
1999,60,324024,men
1999,60,436930,women
1999,61,338957,men
1999,61,450637,women
1999,62,272090,men
1999,62,365836,women
1999,63,230017,men
1999,63,307352,women
1999,64,172573,men
1999,64,232261,women
1999,65,145358,men
1999,65,204498,women
1999,66,178988,men
1999,66,267843,women
1999,67,186787,men
1999,67,276153,women
1999,68,215301,men
1999,68,336036,women
1999,69,196142,men
1999,69,316421,women
1999,70,197585,men
1999,70,334806,women
1999,71,179130,men
1999,71,310978,women
1999,72,149721,men
1999,72,305355,women
1999,73,127702,men
1999,73,284984,women
1999,74,110216,men
1999,74,270795,women
1999,75,91076,men
1999,75,232523,women
1999,76,72856,men
1999,76,206210,women
1999,77,63951,men
1999,77,173258,women
1999,78,49490,men
1999,78,138542,women
1999,79,44601,men
1999,79,131060,women
1999,80 і старше,246404,men
1999,80 і старше,856775,women
1999,Вік невідомий,NA,men
1999,Вік невідомий,NA,women
2000,0,198354,men
2000,0,186626,women
2000,1,211574,men
2000,1,201520,women
2000,2,222025,men
2000,2,210955,women
2000,3,237571,men
2000,3,224936,women
2000,4,247730,men
2000,4,235171,women
2000,5,258911,men
2000,5,245649,women
2000,6,274767,men
2000,6,261421,women
2000,7,295126,men
2000,7,280635,women
2000,8,316689,men
2000,8,300710,women
2000,9,332133,men
2000,9,315643,women
2000,10,348546,men
2000,10,332038,women
2000,11,372185,men
2000,11,355096,women
2000,12,383486,men
2000,12,365679,women
2000,13,405515,men
2000,13,388381,women
2000,14,393611,men
2000,14,378294,women
2000,15,403743,men
2000,15,387170,women
2000,16,411699,men
2000,16,394344,women
2000,17,378173,men
2000,17,359877,women
2000,18,364007,men
2000,18,352268,women
2000,19,373278,men
2000,19,360957,women
2000,20,356040,men
2000,20,344301,women
2000,21,353246,men
2000,21,344551,women
2000,22,342278,men
2000,22,336205,women
2000,23,359744,men
2000,23,352897,women
2000,24,351949,men
2000,24,349131,women
2000,25,344642,men
2000,25,341768,women
2000,26,337944,men
2000,26,334177,women
2000,27,347419,men
2000,27,346611,women
2000,28,342767,men
2000,28,340297,women
2000,29,336524,men
2000,29,336734,women
2000,30,310539,men
2000,30,313684,women
2000,31,315051,men
2000,31,320986,women
2000,32,313033,men
2000,32,319463,women
2000,33,321395,men
2000,33,330804,women
2000,34,317269,men
2000,34,329579,women
2000,35,332848,men
2000,35,347162,women
2000,36,354366,men
2000,36,373351,women
2000,37,364536,men
2000,37,385932,women
2000,38,376970,men
2000,38,399262,women
2000,39,392200,men
2000,39,415637,women
2000,40,375160,men
2000,40,403527,women
2000,41,372181,men
2000,41,401504,women
2000,42,359431,men
2000,42,389912,women
2000,43,354779,men
2000,43,389834,women
2000,44,333954,men
2000,44,369013,women
2000,45,343351,men
2000,45,382852,women
2000,46,314360,men
2000,46,353876,women
2000,47,329705,men
2000,47,372773,women
2000,48,328141,men
2000,48,371416,women
2000,49,324565,men
2000,49,371216,women
2000,50,336486,men
2000,50,391172,women
2000,51,279460,men
2000,51,327918,women
2000,52,248474,men
2000,52,295800,women
2000,53,236132,men
2000,53,289317,women
2000,54,153343,men
2000,54,193346,women
2000,55,179927,men
2000,55,228545,women
2000,56,161042,men
2000,56,206984,women
2000,57,208991,men
2000,57,271191,women
2000,58,271361,men
2000,58,355048,women
2000,59,279809,men
2000,59,369619,women
2000,60,299927,men
2000,60,408422,women
2000,61,313367,men
2000,61,431414,women
2000,62,327025,men
2000,62,444500,women
2000,63,262164,men
2000,63,360518,women
2000,64,221053,men
2000,64,302361,women
2000,65,165209,men
2000,65,227940,women
2000,66,138717,men
2000,66,199954,women
2000,67,170418,men
2000,67,261512,women
2000,68,177319,men
2000,68,269136,women
2000,69,204863,men
2000,69,328520,women
2000,70,184143,men
2000,70,306400,women
2000,71,184966,men
2000,71,323666,women
2000,72,167102,men
2000,72,299588,women
2000,73,138864,men
2000,73,292525,women
2000,74,117890,men
2000,74,272000,women
2000,75,100913,men
2000,75,256547,women
2000,76,82848,men
2000,76,219074,women
2000,77,65831,men
2000,77,192741,women
2000,78,57521,men
2000,78,161462,women
2000,79,44127,men
2000,79,127666,women
2000,80 і старше,239860,men
2000,80 і старше,839577,women
2000,Вік невідомий,NA,men
2000,Вік невідомий,NA,women
2001,0,197071,men
2001,0,184168,women
2001,1,198423,men
2001,1,187455,women
2001,2,210837,men
2001,2,201364,women
2001,3,220976,men
2001,3,210133,women
2001,4,237644,men
2001,4,225509,women
2001,5,247322,men
2001,5,235011,women
2001,6,257989,men
2001,6,244858,women
2001,7,273400,men
2001,7,260128,women
2001,8,294140,men
2001,8,279692,women
2001,9,315702,men
2001,9,299816,women
2001,10,331620,men
2001,10,315015,women
2001,11,347534,men
2001,11,331073,women
2001,12,370686,men
2001,12,353625,women
2001,13,383189,men
2001,13,365171,women
2001,14,405625,men
2001,14,388117,women
2001,15,393572,men
2001,15,377931,women
2001,16,403599,men
2001,16,386913,women
2001,17,411527,men
2001,17,393848,women
2001,18,377783,men
2001,18,358985,women
2001,19,363604,men
2001,19,351763,women
2001,20,372275,men
2001,20,360318,women
2001,21,353983,men
2001,21,342837,women
2001,22,350922,men
2001,22,343085,women
2001,23,339633,men
2001,23,334373,women
2001,24,357097,men
2001,24,351461,women
2001,25,349116,men
2001,25,347411,women
2001,26,340949,men
2001,26,339768,women
2001,27,333119,men
2001,27,331726,women
2001,28,342493,men
2001,28,344152,women
2001,29,338820,men
2001,29,339088,women
2001,30,334340,men
2001,30,336347,women
2001,31,308037,men
2001,31,312903,women
2001,32,313017,men
2001,32,319893,women
2001,33,309841,men
2001,33,318208,women
2001,34,318609,men
2001,34,329704,women
2001,35,314659,men
2001,35,328759,women
2001,36,329808,men
2001,36,345991,women
2001,37,351159,men
2001,37,372165,women
2001,38,360838,men
2001,38,384308,women
2001,39,373653,men
2001,39,398258,women
2001,40,388346,men
2001,40,414590,women
2001,41,370789,men
2001,41,401728,women
2001,42,367998,men
2001,42,400126,women
2001,43,354633,men
2001,43,387964,women
2001,44,350264,men
2001,44,388428,women
2001,45,328924,men
2001,45,367222,women
2001,46,338163,men
2001,46,380942,women
2001,47,309088,men
2001,47,351666,women
2001,48,323928,men
2001,48,370323,women
2001,49,322727,men
2001,49,369489,women
2001,50,318674,men
2001,50,368925,women
2001,51,330028,men
2001,51,388504,women
2001,52,273695,men
2001,52,325215,women
2001,53,243015,men
2001,53,293386,women
2001,54,230846,men
2001,54,287126,women
2001,55,149568,men
2001,55,191840,women
2001,56,175218,men
2001,56,226408,women
2001,57,156600,men
2001,57,204960,women
2001,58,202994,men
2001,58,268305,women
2001,59,263900,men
2001,59,351677,women
2001,60,271291,men
2001,60,365664,women
2001,61,289832,men
2001,61,403356,women
2001,62,301980,men
2001,62,425261,women
2001,63,314016,men
2001,63,437767,women
2001,64,251695,men
2001,64,354592,women
2001,65,211410,men
2001,65,296635,women
2001,66,157614,men
2001,66,223204,women
2001,67,131880,men
2001,67,194985,women
2001,68,161420,men
2001,68,254829,women
2001,69,167649,men
2001,69,261683,women
2001,70,194230,men
2001,70,320309,women
2001,71,171907,men
2001,71,295514,women
2001,72,171953,men
2001,72,311338,women
2001,73,154197,men
2001,73,287521,women
2001,74,128061,men
2001,74,278847,women
2001,75,108036,men
2001,75,257998,women
2001,76,91396,men
2001,76,241536,women
2001,77,74535,men
2001,77,204858,women
2001,78,58897,men
2001,78,178560,women
2001,79,51234,men
2001,79,149110,women
2001,80 і старше,233160,men
2001,80 і старше,819486,women
2001,Вік невідомий,NA,men
2001,Вік невідомий,NA,women
2002,0,183728,men
2002,0,174438,women
2002,1,197079,men
2002,1,185763,women
2002,2,198994,men
2002,2,188746,women
2002,3,211056,men
2002,3,201994,women
2002,4,221367,men
2002,4,211030,women
2002,5,238066,men
2002,5,226191,women
2002,6,247834,men
2002,6,235838,women
2002,7,257962,men
2002,7,244903,women
2002,8,273724,men
2002,8,260868,women
2002,9,294357,men
2002,9,279364,women
2002,10,316649,men
2002,10,300977,women
2002,11,332028,men
2002,11,315536,women
2002,12,346771,men
2002,12,330212,women
2002,13,370864,men
2002,13,354080,women
2002,14,384227,men
2002,14,365217,women
2002,15,405506,men
2002,15,388372,women
2002,16,393151,men
2002,16,377438,women
2002,17,404761,men
2002,17,387885,women
2002,18,411127,men
2002,18,392748,women
2002,19,374993,men
2002,19,355587,women
2002,20,362328,men
2002,20,350984,women
2002,21,369762,men
2002,21,358296,women
2002,22,351105,men
2002,22,340829,women
2002,23,347774,men
2002,23,340772,women
2002,24,336016,men
2002,24,331722,women
2002,25,354896,men
2002,25,350699,women
2002,26,344156,men
2002,26,343271,women
2002,27,337491,men
2002,27,337833,women
2002,28,327280,men
2002,28,328745,women
2002,29,336693,men
2002,29,340946,women
2002,30,334121,men
2002,30,337069,women
2002,31,330255,men
2002,31,333923,women
2002,32,305473,men
2002,32,312433,women
2002,33,310068,men
2002,33,318016,women
2002,34,306126,men
2002,34,316619,women
2002,35,315246,men
2002,35,328313,women
2002,36,311276,men
2002,36,327117,women
2002,37,327768,men
2002,37,346457,women
2002,38,349143,men
2002,38,372024,women
2002,39,356964,men
2002,39,382771,women
2002,40,369648,men
2002,40,396724,women
2002,41,385094,men
2002,41,414439,women
2002,42,366007,men
2002,42,399853,women
2002,43,363359,men
2002,43,398058,women
2002,44,349330,men
2002,44,385819,women
2002,45,344061,men
2002,45,385203,women
2002,46,324947,men
2002,46,366721,women
2002,47,331211,men
2002,47,376647,women
2002,48,303567,men
2002,48,348994,women
2002,49,319408,men
2002,49,369660,women
2002,50,316129,men
2002,50,366260,women
2002,51,312472,men
2002,51,366461,women
2002,52,323229,men
2002,52,386388,women
2002,53,261932,men
2002,53,313385,women
2002,54,240788,men
2002,54,295544,women
2002,55,221485,men
2002,55,279364,women
2002,56,146084,men
2002,56,190689,women
2002,57,171337,men
2002,57,225037,women
2002,58,153392,men
2002,58,204736,women
2002,59,200554,men
2002,59,270033,women
2002,60,258826,men
2002,60,350920,women
2002,61,264158,men
2002,61,365121,women
2002,62,282968,men
2002,62,401709,women
2002,63,291022,men
2002,63,418211,women
2002,64,301358,men
2002,64,429757,women
2002,65,240040,men
2002,65,344728,women
2002,66,200486,men
2002,66,287974,women
2002,67,147240,men
2002,67,213973,women
2002,68,126974,men
2002,68,194033,women
2002,69,153893,men
2002,69,248830,women
2002,70,161253,men
2002,70,260677,women
2002,71,183535,men
2002,71,311727,women
2002,72,160182,men
2002,72,285186,women
2002,73,159979,men
2002,73,298412,women
2002,74,141638,men
2002,74,276475,women
2002,75,116753,men
2002,75,263130,women
2002,76,98519,men
2002,76,244605,women
2002,77,82195,men
2002,77,224247,women
2002,78,66164,men
2002,78,189235,women
2002,79,52524,men
2002,79,163548,women
2002,80 і старше,234688,men
2002,80 і старше,826089,women
2002,Вік невідомий,9703,men
2002,Вік невідомий,9957,women
2003,0,199843,men
2003,0,187485,women
2003,1,191369,men
2003,1,180303,women
2003,2,196710,men
2003,2,185668,women
2003,3,198668,men
2003,3,188445,women
2003,4,209971,men
2003,4,201078,women
2003,5,219654,men
2003,5,209152,women
2003,6,237418,men
2003,6,225813,women
2003,7,246624,men
2003,7,234581,women
2003,8,256753,men
2003,8,243886,women
2003,9,271680,men
2003,9,258693,women
2003,10,292877,men
2003,10,278477,women
2003,11,314397,men
2003,11,298595,women
2003,12,330703,men
2003,12,314131,women
2003,13,346266,men
2003,13,329752,women
2003,14,368662,men
2003,14,351823,women
2003,15,382274,men
2003,15,364106,women
2003,16,405055,men
2003,16,387397,women
2003,17,393133,men
2003,17,377188,women
2003,18,402931,men
2003,18,386329,women
2003,19,411002,men
2003,19,392925,women
2003,20,376783,men
2003,20,357685,women
2003,21,362135,men
2003,21,350708,women
2003,22,370022,men
2003,22,359067,women
2003,23,350667,men
2003,23,340520,women
2003,24,347170,men
2003,24,340727,women
2003,25,335314,men
2003,25,331647,women
2003,26,352707,men
2003,26,349165,women
2003,27,344541,men
2003,27,344768,women
2003,28,335554,men
2003,28,336870,women
2003,29,326719,men
2003,29,328557,women
2003,30,335508,men
2003,30,341016,women
2003,31,333130,men
2003,31,337100,women
2003,32,330270,men
2003,32,335038,women
2003,33,303556,men
2003,33,311489,women
2003,34,308873,men
2003,34,317835,women
2003,35,304369,men
2003,35,316108,women
2003,36,313404,men
2003,36,327661,women
2003,37,309606,men
2003,37,326993,women
2003,38,323971,men
2003,38,343820,women
2003,39,344870,men
2003,39,369825,women
2003,40,353497,men
2003,40,381391,women
2003,41,366619,men
2003,41,395963,women
2003,42,380123,men
2003,42,412071,women
2003,43,362087,men
2003,43,398323,women
2003,44,359315,men
2003,44,397133,women
2003,45,344795,men
2003,45,384235,women
2003,46,340918,men
2003,46,385168,women
2003,47,318594,men
2003,47,363531,women
2003,48,327352,men
2003,48,376976,women
2003,49,298487,men
2003,49,347402,women
2003,50,311742,men
2003,50,365487,women
2003,51,310898,men
2003,51,364832,women
2003,52,306216,men
2003,52,363888,women
2003,53,316243,men
2003,53,382611,women
2003,54,261809,men
2003,54,319721,women
2003,55,231387,men
2003,55,288099,women
2003,56,219489,men
2003,56,281850,women
2003,57,141674,men
2003,57,188214,women
2003,58,165331,men
2003,58,221583,women
2003,59,147460,men
2003,59,200308,women
2003,60,189976,men
2003,60,261677,women
2003,61,246700,men
2003,61,343151,women
2003,62,252400,men
2003,62,356240,women
2003,63,268321,men
2003,63,391365,women
2003,64,278182,men
2003,64,411225,women
2003,65,288136,men
2003,65,422361,women
2003,66,230245,men
2003,66,341267,women
2003,67,191984,men
2003,67,284033,women
2003,68,142118,men
2003,68,212811,women
2003,69,117836,men
2003,69,184309,women
2003,70,143380,men
2003,70,240252,women
2003,71,147656,men
2003,71,245348,women
2003,72,171190,men
2003,72,300347,women
2003,73,147860,men
2003,73,272509,women
2003,74,147046,men
2003,74,285219,women
2003,75,130571,men
2003,75,261208,women
2003,76,107181,men
2003,76,250343,women
2003,77,89195,men
2003,77,229108,women
2003,78,74152,men
2003,78,210796,women
2003,79,59428,men
2003,79,175824,women
2003,80 і старше,239782,men
2003,80 і старше,849969,women
2003,Вік невідомий,NA,men
2003,Вік невідомий,NA,women
2004,0,208263,men
2004,0,197084,women
2004,1,199124,men
2004,1,186965,women
2004,2,190979,men
2004,2,179999,women
2004,3,196416,men
2004,3,185434,women
2004,4,198398,men
2004,4,188220,women
2004,5,209706,men
2004,5,200882,women
2004,6,219487,men
2004,6,208905,women
2004,7,237154,men
2004,7,225572,women
2004,8,246357,men
2004,8,234412,women
2004,9,256497,men
2004,9,243634,women
2004,10,271428,men
2004,10,258466,women
2004,11,292600,men
2004,11,278266,women
2004,12,314109,men
2004,12,298295,women
2004,13,330399,men
2004,13,313882,women
2004,14,345912,men
2004,14,329456,women
2004,15,368256,men
2004,15,351498,women
2004,16,381841,men
2004,16,363789,women
2004,17,404562,men
2004,17,387068,women
2004,18,392771,men
2004,18,376976,women
2004,19,402400,men
2004,19,385886,women
2004,20,410330,men
2004,20,392490,women
2004,21,375915,men
2004,21,357234,women
2004,22,361177,men
2004,22,350130,women
2004,23,368816,men
2004,23,358352,women
2004,24,349258,men
2004,24,339803,women
2004,25,345601,men
2004,25,339938,women
2004,26,333790,men
2004,26,330936,women
2004,27,350962,men
2004,27,348360,women
2004,28,342801,men
2004,28,343982,women
2004,29,333851,men
2004,29,336003,women
2004,30,324788,men
2004,30,327864,women
2004,31,333629,men
2004,31,340227,women
2004,32,331285,men
2004,32,336367,women
2004,33,328380,men
2004,33,334306,women
2004,34,301726,men
2004,34,310714,women
2004,35,306763,men
2004,35,317028,women
2004,36,302238,men
2004,36,315267,women
2004,37,311030,men
2004,37,326776,women
2004,38,307179,men
2004,38,326123,women
2004,39,321179,men
2004,39,342868,women
2004,40,341443,men
2004,40,368636,women
2004,41,350055,men
2004,41,380227,women
2004,42,362809,men
2004,42,394693,women
2004,43,375856,men
2004,43,410632,women
2004,44,357745,men
2004,44,396841,women
2004,45,354444,men
2004,45,395422,women
2004,46,339976,men
2004,46,382533,women
2004,47,335886,men
2004,47,383480,women
2004,48,313609,men
2004,48,361572,women
2004,49,321816,men
2004,49,374926,women
2004,50,292653,men
2004,50,345168,women
2004,51,305686,men
2004,51,363020,women
2004,52,304490,men
2004,52,362341,women
2004,53,299477,men
2004,53,361069,women
2004,54,309125,men
2004,54,379585,women
2004,55,255360,men
2004,55,317018,women
2004,56,225431,men
2004,56,285329,women
2004,57,213658,men
2004,57,278933,women
2004,58,137588,men
2004,58,186112,women
2004,59,160252,men
2004,59,218937,women
2004,60,142367,men
2004,60,197881,women
2004,61,183171,men
2004,61,258055,women
2004,62,237561,men
2004,62,338412,women
2004,63,242291,men
2004,63,350689,women
2004,64,256956,men
2004,64,384751,women
2004,65,265819,men
2004,65,403429,women
2004,66,274695,men
2004,66,413535,women
2004,67,219160,men
2004,67,333646,women
2004,68,181880,men
2004,68,276796,women
2004,69,134068,men
2004,69,206733,women
2004,70,110493,men
2004,70,178571,women
2004,71,134229,men
2004,71,232299,women
2004,72,137578,men
2004,72,236598,women
2004,73,158920,men
2004,73,288470,women
2004,74,135958,men
2004,74,260090,women
2004,75,134590,men
2004,75,270842,women
2004,76,118758,men
2004,76,246746,women
2004,77,97061,men
2004,77,234761,women
2004,78,80159,men
2004,78,213403,women
2004,79,65957,men
2004,79,194286,women
2004,80 і старше,250422,men
2004,80 і старше,879346,women
2004,Вік невідомий,NA,men
2004,Вік невідомий,NA,women
2005,0,217975,men
2005,0,205946,women
2005,1,207607,men
2005,1,196618,women
2005,2,198857,men
2005,2,186759,women
2005,3,190804,men
2005,3,179860,women
2005,4,196262,men
2005,4,185319,women
2005,5,198239,men
2005,5,188080,women
2005,6,209547,men
2005,6,200738,women
2005,7,219375,men
2005,7,208777,women
2005,8,236974,men
2005,8,225469,women
2005,9,246208,men
2005,9,234310,women
2005,10,256315,men
2005,10,243510,women
2005,11,271273,men
2005,11,258333,women
2005,12,292444,men
2005,12,278185,women
2005,13,313925,men
2005,13,298185,women
2005,14,330147,men
2005,14,313761,women
2005,15,345705,men
2005,15,329292,women
2005,16,367954,men
2005,16,351294,women
2005,17,381496,men
2005,17,363635,women
2005,18,404256,men
2005,18,386930,women
2005,19,392337,men
2005,19,376696,women
2005,20,401792,men
2005,20,385586,women
2005,21,409460,men
2005,21,392087,women
2005,22,375099,men
2005,22,356759,women
2005,23,360169,men
2005,23,349597,women
2005,24,367674,men
2005,24,357844,women
2005,25,347913,men
2005,25,339184,women
2005,26,344251,men
2005,26,339290,women
2005,27,332263,men
2005,27,330255,women
2005,28,349346,men
2005,28,347712,women
2005,29,341165,men
2005,29,343351,women
2005,30,332062,men
2005,30,335314,women
2005,31,323041,men
2005,31,327312,women
2005,32,331788,men
2005,32,339533,women
2005,33,329398,men
2005,33,335752,women
2005,34,326363,men
2005,34,333634,women
2005,35,299661,men
2005,35,310030,women
2005,36,304509,men
2005,36,316245,women
2005,37,299776,men
2005,37,314416,women
2005,38,308413,men
2005,38,325926,women
2005,39,304679,men
2005,39,325274,women
2005,40,317886,men
2005,40,341862,women
2005,41,337944,men
2005,41,367546,women
2005,42,346170,men
2005,42,379005,women
2005,43,358559,men
2005,43,393345,women
2005,44,371275,men
2005,44,409171,women
2005,45,352737,men
2005,45,395211,women
2005,46,349485,men
2005,46,393710,women
2005,47,334563,men
2005,47,380692,women
2005,48,330412,men
2005,48,381668,women
2005,49,308251,men
2005,49,359613,women
2005,50,315318,men
2005,50,372637,women
2005,51,286771,men
2005,51,343030,women
2005,52,299215,men
2005,52,360546,women
2005,53,297768,men
2005,53,359669,women
2005,54,292549,men
2005,54,358264,women
2005,55,301043,men
2005,55,376274,women
2005,56,248813,men
2005,56,314123,women
2005,57,219155,men
2005,57,282509,women
2005,58,207612,men
2005,58,275987,women
2005,59,133388,men
2005,59,183998,women
2005,60,154611,men
2005,60,216084,women
2005,61,137102,men
2005,61,195373,women
2005,62,176093,men
2005,62,254425,women
2005,63,228281,men
2005,63,333273,women
2005,64,232196,men
2005,64,344745,women
2005,65,245363,men
2005,65,377850,women
2005,66,253539,men
2005,66,395363,women
2005,67,261316,men
2005,67,404580,women
2005,68,207737,men
2005,68,325692,women
2005,69,171747,men
2005,69,269299,women
2005,70,125976,men
2005,70,200596,women
2005,71,103396,men
2005,71,172621,women
2005,72,125133,men
2005,72,224009,women
2005,73,127900,men
2005,73,227460,women
2005,74,147058,men
2005,74,276373,women
2005,75,124350,men
2005,75,247399,women
2005,76,122477,men
2005,76,256208,women
2005,77,107695,men
2005,77,232157,women
2005,78,87355,men
2005,78,219293,women
2005,79,71556,men
2005,79,197753,women
2005,80 і старше,267676,men
2005,80 і старше,930258,women
2005,Вік невідомий,NA,men
2005,Вік невідомий,NA,women
2006,0,217579,men
2006,0,204985,women
2006,1,217384,men
2006,1,205498,women
2006,2,207349,men
2006,2,196448,women
2006,3,198729,men
2006,3,186648,women
2006,4,190661,men
2006,4,179803,women
2006,5,196148,men
2006,5,185232,women
2006,6,198150,men
2006,6,187979,women
2006,7,209467,men
2006,7,200656,women
2006,8,219258,men
2006,8,208712,women
2006,9,236845,men
2006,9,225431,women
2006,10,246116,men
2006,10,234228,women
2006,11,256226,men
2006,11,243402,women
2006,12,271164,men
2006,12,258293,women
2006,13,292269,men
2006,13,278099,women
2006,14,313809,men
2006,14,298114,women
2006,15,329943,men
2006,15,313663,women
2006,16,345527,men
2006,16,329183,women
2006,17,367728,men
2006,17,351243,women
2006,18,381262,men
2006,18,363533,women
2006,19,403894,men
2006,19,386773,women
2006,20,391765,men
2006,20,376527,women
2006,21,401153,men
2006,21,385337,women
2006,22,408616,men
2006,22,391697,women
2006,23,374221,men
2006,23,356320,women
2006,24,359114,men
2006,24,349191,women
2006,25,366454,men
2006,25,357336,women
2006,26,346591,men
2006,26,338613,women
2006,27,342793,men
2006,27,338784,women
2006,28,330769,men
2006,28,329753,women
2006,29,347749,men
2006,29,347144,women
2006,30,339368,men
2006,30,342719,women
2006,31,330267,men
2006,31,334687,women
2006,32,321167,men
2006,32,326739,women
2006,33,329672,men
2006,33,338819,women
2006,34,327443,men
2006,34,335139,women
2006,35,324033,men
2006,35,332870,women
2006,36,297459,men
2006,36,309386,women
2006,37,302153,men
2006,37,315475,women
2006,38,297262,men
2006,38,313585,women
2006,39,305657,men
2006,39,325094,women
2006,40,301459,men
2006,40,324332,women
2006,41,314552,men
2006,41,340914,women
2006,42,334191,men
2006,42,366383,women
2006,43,342054,men
2006,43,377686,women
2006,44,354247,men
2006,44,392010,women
2006,45,366020,men
2006,45,407570,women
2006,46,347682,men
2006,46,393572,women
2006,47,344094,men
2006,47,391948,women
2006,48,329036,men
2006,48,378938,women
2006,49,324642,men
2006,49,379768,women
2006,50,301879,men
2006,50,357388,women
2006,51,308916,men
2006,51,370353,women
2006,52,280428,men
2006,52,340847,women
2006,53,292365,men
2006,53,358020,women
2006,54,290794,men
2006,54,356897,women
2006,55,284976,men
2006,55,355307,women
2006,56,292758,men
2006,56,372621,women
2006,57,242140,men
2006,57,310852,women
2006,58,212871,men
2006,58,279493,women
2006,59,201326,men
2006,59,272747,women
2006,60,128679,men
2006,60,181682,women
2006,61,148499,men
2006,61,213074,women
2006,62,131715,men
2006,62,192476,women
2006,63,168580,men
2006,63,250445,women
2006,64,218641,men
2006,64,327803,women
2006,65,221796,men
2006,65,338630,women
2006,66,233732,men
2006,66,370506,women
2006,67,240636,men
2006,67,386906,women
2006,68,247300,men
2006,68,394850,women
2006,69,196196,men
2006,69,317065,women
2006,70,161314,men
2006,70,261213,women
2006,71,117689,men
2006,71,193958,women
2006,72,96129,men
2006,72,166327,women
2006,73,115989,men
2006,73,215034,women
2006,74,118155,men
2006,74,217560,women
2006,75,134962,men
2006,75,263387,women
2006,76,112926,men
2006,76,233931,women
2006,77,110515,men
2006,77,240646,women
2006,78,96615,men
2006,78,216815,women
2006,79,77771,men
2006,79,203101,women
2006,80 і старше,287184,men
2006,80 і старше,978310,women
2006,Вік невідомий,NA,men
2006,Вік невідомий,NA,women
2007,0,234110,men
2007,0,222616,women
2007,1,217030,men
2007,1,204542,women
2007,2,217220,men
2007,2,205370,women
2007,3,207221,men
2007,3,196376,women
2007,4,198636,men
2007,4,186589,women
2007,5,190580,men
2007,5,179729,women
2007,6,196068,men
2007,6,185166,women
2007,7,198055,men
2007,7,187915,women
2007,8,209398,men
2007,8,200626,women
2007,9,219169,men
2007,9,208669,women
2007,10,236773,men
2007,10,225390,women
2007,11,246055,men
2007,11,234191,women
2007,12,256145,men
2007,12,243322,women
2007,13,271065,men
2007,13,258226,women
2007,14,292143,men
2007,14,278044,women
2007,15,313624,men
2007,15,298007,women
2007,16,329802,men
2007,16,313591,women
2007,17,345389,men
2007,17,329214,women
2007,18,367741,men
2007,18,351291,women
2007,19,381214,men
2007,19,363550,women
2007,20,403751,men
2007,20,386684,women
2007,21,391485,men
2007,21,376437,women
2007,22,400733,men
2007,22,385126,women
2007,23,408015,men
2007,23,391441,women
2007,24,373616,men
2007,24,356062,women
2007,25,358246,men
2007,25,348870,women
2007,26,365483,men
2007,26,356968,women
2007,27,345387,men
2007,27,338270,women
2007,28,341520,men
2007,28,338252,women
2007,29,329366,men
2007,29,329289,women
2007,30,346061,men
2007,30,346595,women
2007,31,337704,men
2007,31,342130,women
2007,32,328560,men
2007,32,334133,women
2007,33,319305,men
2007,33,326169,women
2007,34,327792,men
2007,34,338180,women
2007,35,325333,men
2007,35,334424,women
2007,36,321977,men
2007,36,332149,women
2007,37,295363,men
2007,37,308700,women
2007,38,299974,men
2007,38,314721,women
2007,39,294945,men
2007,39,312845,women
2007,40,302700,men
2007,40,324206,women
2007,41,298696,men
2007,41,323491,women
2007,42,311328,men
2007,42,339945,women
2007,43,330557,men
2007,43,365201,women
2007,44,338227,men
2007,44,376472,women
2007,45,349753,men
2007,45,390571,women
2007,46,361297,men
2007,46,406083,women
2007,47,342790,men
2007,47,391833,women
2007,48,338921,men
2007,48,390283,women
2007,49,323676,men
2007,49,377214,women
2007,50,318639,men
2007,50,377867,women
2007,51,296351,men
2007,51,355388,women
2007,52,302774,men
2007,52,368123,women
2007,53,274555,men
2007,53,338724,women
2007,54,285948,men
2007,54,355575,women
2007,55,283785,men
2007,55,354108,women
2007,56,277998,men
2007,56,352197,women
2007,57,285041,men
2007,57,369121,women
2007,58,235452,men
2007,58,307891,women
2007,59,206696,men
2007,59,276530,women
2007,60,194916,men
2007,60,269535,women
2007,61,124158,men
2007,61,179491,women
2007,62,142889,men
2007,62,210081,women
2007,63,126373,men
2007,63,189492,women
2007,64,161511,men
2007,64,246257,women
2007,65,209545,men
2007,65,322285,women
2007,66,211809,men
2007,66,332168,women
2007,67,222386,men
2007,67,362831,women
2007,68,227967,men
2007,68,378046,women
2007,69,233699,men
2007,69,384894,women
2007,70,184848,men
2007,70,307741,women
2007,71,151097,men
2007,71,252742,women
2007,72,109823,men
2007,72,186987,women
2007,73,89100,men
2007,73,159842,women
2007,74,106914,men
2007,74,205671,women
2007,75,108660,men
2007,75,207164,women
2007,76,123539,men
2007,76,249873,women
2007,77,102039,men
2007,77,219781,women
2007,78,99248,men
2007,78,224997,women
2007,79,86204,men
2007,79,201054,women
2007,80 і старше,310717,men
2007,80 і старше,1029387,women
2007,Вік невідомий,NA,men
2007,Вік невідомий,NA,women
2008,0,240718,men
2008,0,227641,women
2008,1,233499,men
2008,1,222135,women
2008,2,216802,men
2008,2,204352,women
2008,3,217094,men
2008,3,205280,women
2008,4,207108,men
2008,4,196317,women
2008,5,198521,men
2008,5,186528,women
2008,6,190505,men
2008,6,179651,women
2008,7,195996,men
2008,7,185146,women
2008,8,197945,men
2008,8,187852,women
2008,9,209301,men
2008,9,200550,women
2008,10,219053,men
2008,10,208594,women
2008,11,236681,men
2008,11,225359,women
2008,12,245976,men
2008,12,234117,women
2008,13,256050,men
2008,13,243268,women
2008,14,270895,men
2008,14,258157,women
2008,15,291958,men
2008,15,277914,women
2008,16,313459,men
2008,16,297925,women
2008,17,329736,men
2008,17,313604,women
2008,18,345507,men
2008,18,329277,women
2008,19,367885,men
2008,19,351268,women
2008,20,380988,men
2008,20,363454,women
2008,21,403371,men
2008,21,386493,women
2008,22,390903,men
2008,22,376227,women
2008,23,400080,men
2008,23,384838,women
2008,24,407146,men
2008,24,391037,women
2008,25,372624,men
2008,25,355672,women
2008,26,357352,men
2008,26,348506,women
2008,27,364315,men
2008,27,356487,women
2008,28,343986,men
2008,28,337794,women
2008,29,340018,men
2008,29,337708,women
2008,30,327655,men
2008,30,328740,women
2008,31,344455,men
2008,31,345935,women
2008,32,335710,men
2008,32,341417,women
2008,33,326519,men
2008,33,333520,women
2008,34,317336,men
2008,34,325521,women
2008,35,325596,men
2008,35,337412,women
2008,36,323144,men
2008,36,333726,women
2008,37,319619,men
2008,37,331439,women
2008,38,293124,men
2008,38,307906,women
2008,39,297518,men
2008,39,313867,women
2008,40,291936,men
2008,40,311804,women
2008,41,299775,men
2008,41,323255,women
2008,42,295551,men
2008,42,322493,women
2008,43,307791,men
2008,43,338810,women
2008,44,326641,men
2008,44,363933,women
2008,45,333617,men
2008,45,375043,women
2008,46,345185,men
2008,46,388976,women
2008,47,356070,men
2008,47,404396,women
2008,48,337389,men
2008,48,390025,women
2008,49,333317,men
2008,49,388350,women
2008,50,317325,men
2008,50,375178,women
2008,51,312950,men
2008,51,375731,women
2008,52,290304,men
2008,52,353271,women
2008,53,296220,men
2008,53,365634,women
2008,54,268410,men
2008,54,336376,women
2008,55,278847,men
2008,55,352868,women
2008,56,276668,men
2008,56,351064,women
2008,57,270678,men
2008,57,349062,women
2008,58,276988,men
2008,58,365390,women
2008,59,228713,men
2008,59,304709,women
2008,60,199967,men
2008,60,273349,women
2008,61,187878,men
2008,61,266310,women
2008,62,119641,men
2008,62,177100,women
2008,63,137220,men
2008,63,206975,women
2008,64,121227,men
2008,64,186413,women
2008,65,154184,men
2008,65,242026,women
2008,66,200208,men
2008,66,316504,women
2008,67,201726,men
2008,67,325441,women
2008,68,210942,men
2008,68,354691,women
2008,69,215475,men
2008,69,368695,women
2008,70,220081,men
2008,70,374279,women
2008,71,173528,men
2008,71,298133,women
2008,72,141138,men
2008,72,243880,women
2008,73,101995,men
2008,73,179778,women
2008,74,82329,men
2008,74,152942,women
2008,75,98372,men
2008,75,196131,women
2008,76,99498,men
2008,76,196463,women
2008,77,112306,men
2008,77,235830,women
2008,78,91398,men
2008,78,205309,women
2008,79,88373,men
2008,79,209026,women
2008,80 і старше,339669,men
2008,80 і старше,1076354,women
2008,Вік невідомий,NA,men
2008,Вік невідомий,NA,women
2009,0,261138,men
2009,0,245204,women
2009,1,240239,men
2009,1,227251,women
2009,2,233320,men
2009,2,222023,women
2009,3,216723,men
2009,3,204291,women
2009,4,217048,men
2009,4,205238,women
2009,5,207060,men
2009,5,196298,women
2009,6,198498,men
2009,6,186482,women
2009,7,190483,men
2009,7,179616,women
2009,8,195951,men
2009,8,185102,women
2009,9,197910,men
2009,9,187829,women
2009,10,209246,men
2009,10,200512,women
2009,11,219022,men
2009,11,208561,women
2009,12,236647,men
2009,12,225326,women
2009,13,245907,men
2009,13,234075,women
2009,14,255970,men
2009,14,243218,women
2009,15,270771,men
2009,15,258063,women
2009,16,291869,men
2009,16,277922,women
2009,17,313484,men
2009,17,297980,women
2009,18,329868,men
2009,18,313700,women
2009,19,345414,men
2009,19,329343,women
2009,20,367696,men
2009,20,351174,women
2009,21,380421,men
2009,21,363306,women
2009,22,402748,men
2009,22,386261,women
2009,23,390167,men
2009,23,376002,women
2009,24,399171,men
2009,24,384548,women
2009,25,406087,men
2009,25,390658,women
2009,26,371541,men
2009,26,355315,women
2009,27,356152,men
2009,27,348083,women
2009,28,362965,men
2009,28,355992,women
2009,29,342512,men
2009,29,337282,women
2009,30,338302,men
2009,30,337118,women
2009,31,325941,men
2009,31,328136,women
2009,32,342498,men
2009,32,345266,women
2009,33,333578,men
2009,33,340636,women
2009,34,324286,men
2009,34,332859,women
2009,35,315007,men
2009,35,324760,women
2009,36,323346,men
2009,36,336640,women
2009,37,320724,men
2009,37,332936,women
2009,38,317153,men
2009,38,330585,women
2009,39,290627,men
2009,39,307045,women
2009,40,294604,men
2009,40,312946,women
2009,41,289015,men
2009,41,310894,women
2009,42,296643,men
2009,42,322177,women
2009,43,292093,men
2009,43,321400,women
2009,44,304116,men
2009,44,337616,women
2009,45,322371,men
2009,45,362581,women
2009,46,329125,men
2009,46,373547,women
2009,47,340224,men
2009,47,387342,women
2009,48,350740,men
2009,48,402611,women
2009,49,332035,men
2009,49,388134,women
2009,50,327168,men
2009,50,386283,women
2009,51,311300,men
2009,51,373106,women
2009,52,306670,men
2009,52,373482,women
2009,53,284117,men
2009,53,351171,women
2009,54,289551,men
2009,54,363198,women
2009,55,261999,men
2009,55,333894,women
2009,56,271971,men
2009,56,349936,women
2009,57,269374,men
2009,57,347896,women
2009,58,263244,men
2009,58,345825,women
2009,59,268949,men
2009,59,361528,women
2009,60,221494,men
2009,60,301340,women
2009,61,193067,men
2009,61,270040,women
2009,62,181158,men
2009,62,262922,women
2009,63,115098,men
2009,63,174553,women
2009,64,131549,men
2009,64,203760,women
2009,65,115970,men
2009,65,183235,women
2009,66,147123,men
2009,66,237608,women
2009,67,191006,men
2009,67,310484,women
2009,68,191873,men
2009,68,318547,women
2009,69,199673,men
2009,69,346068,women
2009,70,203162,men
2009,70,358742,women
2009,71,206413,men
2009,71,362929,women
2009,72,162323,men
2009,72,288143,women
2009,73,131170,men
2009,73,234640,women
2009,74,94503,men
2009,74,172021,women
2009,75,75706,men
2009,75,145828,women
2009,76,90008,men
2009,76,186308,women
2009,77,90484,men
2009,77,185271,women
2009,78,101542,men
2009,78,221483,women
2009,79,81584,men
2009,79,190449,women
2009,80 і старше,367227,men
2009,80 і старше,1125853,women
2009,Вік невідомий,NA,men
2009,Вік невідомий,NA,women
2010,0,262597,men
2010,0,245947,women
2010,1,260723,men
2010,1,244938,women
2010,2,240097,men
2010,2,227149,women
2010,3,233259,men
2010,3,221974,women
2010,4,216676,men
2010,4,204230,women
2010,5,217009,men
2010,5,205209,women
2010,6,207010,men
2010,6,196298,women
2010,7,198442,men
2010,7,186465,women
2010,8,190440,men
2010,8,179582,women
2010,9,195910,men
2010,9,185094,women
2010,10,197860,men
2010,10,187794,women
2010,11,209214,men
2010,11,200479,women
2010,12,218977,men
2010,12,208490,women
2010,13,236588,men
2010,13,225284,women
2010,14,245807,men
2010,14,234018,women
2010,15,255861,men
2010,15,243168,women
2010,16,270710,men
2010,16,258045,women
2010,17,291807,men
2010,17,277975,women
2010,18,313419,men
2010,18,297996,women
2010,19,329649,men
2010,19,313673,women
2010,20,345022,men
2010,20,329277,women
2010,21,367163,men
2010,21,351038,women
2010,22,379818,men
2010,22,363145,women
2010,23,402037,men
2010,23,386098,women
2010,24,389456,men
2010,24,375761,women
2010,25,398324,men
2010,25,384282,women
2010,26,405079,men
2010,26,390373,women
2010,27,370536,men
2010,27,355010,women
2010,28,355053,men
2010,28,347710,women
2010,29,361814,men
2010,29,355547,women
2010,30,341131,men
2010,30,336756,women
2010,31,336872,men
2010,31,336573,women
2010,32,324375,men
2010,32,327550,women
2010,33,340843,men
2010,33,344686,women
2010,34,331881,men
2010,34,340039,women
2010,35,322411,men
2010,35,332233,women
2010,36,313290,men
2010,36,324095,women
2010,37,321350,men
2010,37,335965,women
2010,38,318746,men
2010,38,332217,women
2010,39,315135,men
2010,39,329898,women
2010,40,288582,men
2010,40,306336,women
2010,41,292320,men
2010,41,312085,women
2010,42,286721,men
2010,42,309991,women
2010,43,294074,men
2010,43,321304,women
2010,44,289401,men
2010,44,320454,women
2010,45,300964,men
2010,45,336463,women
2010,46,319019,men
2010,46,361302,women
2010,47,325506,men
2010,47,372183,women
2010,48,336143,men
2010,48,385909,women
2010,49,346272,men
2010,49,401020,women
2010,50,327278,men
2010,50,386313,women
2010,51,322286,men
2010,51,384399,women
2010,52,306220,men
2010,52,371174,women
2010,53,301349,men
2010,53,371348,women
2010,54,278978,men
2010,54,349145,women
2010,55,283576,men
2010,55,360845,women
2010,56,256419,men
2010,56,331385,women
2010,57,265684,men
2010,57,347184,women
2010,58,262783,men
2010,58,345012,women
2010,59,256666,men
2010,59,342610,women
2010,60,261177,men
2010,60,357751,women
2010,61,214581,men
2010,61,298035,women
2010,62,186702,men
2010,62,266854,women
2010,63,174830,men
2010,63,259514,women
2010,64,111001,men
2010,64,172130,women
2010,65,126064,men
2010,65,200403,women
2010,66,110976,men
2010,66,180019,women
2010,67,140355,men
2010,67,233091,women
2010,68,182156,men
2010,68,304231,women
2010,69,182465,men
2010,69,311326,women
2010,70,188631,men
2010,70,337232,women
2010,71,191133,men
2010,71,348467,women
2010,72,193344,men
2010,72,351191,women
2010,73,151783,men
2010,73,277696,women
2010,74,121778,men
2010,74,224844,women
2010,75,87196,men
2010,75,164368,women
2010,76,69439,men
2010,76,138549,women
2010,77,81976,men
2010,77,175975,women
2010,78,81965,men
2010,78,173906,women
2010,79,91499,men
2010,79,206655,women
2010,80 і старше,385384,men
2010,80 і старше,1154765,women
2010,Вік невідомий,NA,men
2010,Вік невідомий,NA,women
2011,0,254668,men
2011,0,239343,women
2011,1,262195,men
2011,1,245647,women
2011,2,260595,men
2011,2,244842,women
2011,3,240019,men
2011,3,227100,women
2011,4,233199,men
2011,4,221955,women
2011,5,216641,men
2011,5,204213,women
2011,6,216979,men
2011,6,205208,women
2011,7,206982,men
2011,7,196296,women
2011,8,198415,men
2011,8,186452,women
2011,9,190383,men
2011,9,179567,women
2011,10,195892,men
2011,10,185085,women
2011,11,197828,men
2011,11,187763,women
2011,12,209164,men
2011,12,200467,women
2011,13,218915,men
2011,13,208432,women
2011,14,236498,men
2011,14,225247,women
2011,15,245711,men
2011,15,233968,women
2011,16,255780,men
2011,16,243148,women
2011,17,270626,men
2011,17,258058,women
2011,18,291664,men
2011,18,277955,women
2011,19,313210,men
2011,19,297972,women
2011,20,329341,men
2011,20,313643,women
2011,21,344621,men
2011,21,329250,women
2011,22,366732,men
2011,22,350988,women
2011,23,379253,men
2011,23,363074,women
2011,24,401441,men
2011,24,386012,women
2011,25,388785,men
2011,25,375664,women
2011,26,397609,men
2011,26,384146,women
2011,27,404234,men
2011,27,390130,women
2011,28,369661,men
2011,28,354709,women
2011,29,354050,men
2011,29,347384,women
2011,30,360678,men
2011,30,355143,women
2011,31,339924,men
2011,31,336321,women
2011,32,335484,men
2011,32,336065,women
2011,33,322960,men
2011,33,327014,women
2011,34,339356,men
2011,34,344168,women
2011,35,330174,men
2011,35,339520,women
2011,36,320781,men
2011,36,331626,women
2011,37,311594,men
2011,37,323518,women
2011,38,319614,men
2011,38,335292,women
2011,39,316976,men
2011,39,331526,women
2011,40,313151,men
2011,40,329210,women
2011,41,286624,men
2011,41,305616,women
2011,42,290187,men
2011,42,311271,women
2011,43,284495,men
2011,43,309115,women
2011,44,291731,men
2011,44,320455,women
2011,45,286909,men
2011,45,319585,women
2011,46,298227,men
2011,46,335492,women
2011,47,315767,men
2011,47,360104,women
2011,48,322001,men
2011,48,370919,women
2011,49,332365,men
2011,49,384486,women
2011,50,341983,men
2011,50,399414,women
2011,51,322834,men
2011,51,384708,women
2011,52,317603,men
2011,52,382639,women
2011,53,301444,men
2011,53,369229,women
2011,54,296376,men
2011,54,369351,women
2011,55,273876,men
2011,55,347101,women
2011,56,278064,men
2011,56,358427,women
2011,57,250908,men
2011,57,329004,women
2011,58,259681,men
2011,58,344428,women
2011,59,256392,men
2011,59,342033,women
2011,60,249808,men
2011,60,339321,women
2011,61,253212,men
2011,61,353956,women
2011,62,207853,men
2011,62,294567,women
2011,63,180419,men
2011,63,263423,women
2011,64,168706,men
2011,64,255945,women
2011,65,106803,men
2011,65,169553,women
2011,66,120719,men
2011,66,196809,women
2011,67,106079,men
2011,67,176524,women
2011,68,133802,men
2011,68,228164,women
2011,69,173145,men
2011,69,297587,women
2011,70,172819,men
2011,70,303477,women
2011,71,177589,men
2011,71,327569,women
2011,72,179247,men
2011,72,337296,women
2011,73,180352,men
2011,73,338607,women
2011,74,140884,men
2011,74,266577,women
2011,75,112191,men
2011,75,214425,women
2011,76,79816,men
2011,76,156042,women
2011,77,63313,men
2011,77,130785,women
2011,78,74144,men
2011,78,164903,women
2011,79,73477,men
2011,79,162156,women
2011,80 і старше,408988,men
2011,80 і старше,1191379,women
2011,Вік невідомий,NA,men
2011,Вік невідомий,NA,women
2012,0,257319,men
2012,0,241656,women
2012,1,254290,men
2012,1,239066,women
2012,2,262074,men
2012,2,245582,women
2012,3,260546,men
2012,3,244779,women
2012,4,239939,men
2012,4,227066,women
2012,5,233149,men
2012,5,221946,women
2012,6,216621,men
2012,6,204201,women
2012,7,216936,men
2012,7,205168,women
2012,8,206936,men
2012,8,196289,women
2012,9,198393,men
2012,9,186452,women
2012,10,190334,men
2012,10,179530,women
2012,11,195858,men
2012,11,185080,women
2012,12,197795,men
2012,12,187741,women
2012,13,209116,men
2012,13,200455,women
2012,14,218826,men
2012,14,208388,women
2012,15,236412,men
2012,15,225189,women
2012,16,245609,men
2012,16,234009,women
2012,17,255703,men
2012,17,243185,women
2012,18,270496,men
2012,18,258075,women
2012,19,291498,men
2012,19,277969,women
2012,20,312967,men
2012,20,297944,women
2012,21,329008,men
2012,21,313646,women
2012,22,344178,men
2012,22,329231,women
2012,23,366202,men
2012,23,350939,women
2012,24,378657,men
2012,24,363051,women
2012,25,400760,men
2012,25,385941,women
2012,26,388094,men
2012,26,375600,women
2012,27,396835,men
2012,27,383957,women
2012,28,403379,men
2012,28,389940,women
2012,29,368762,men
2012,29,354493,women
2012,30,353100,men
2012,30,347076,women
2012,31,359661,men
2012,31,354788,women
2012,32,338721,men
2012,32,335876,women
2012,33,334152,men
2012,33,335636,women
2012,34,321616,men
2012,34,326577,women
2012,35,337814,men
2012,35,343611,women
2012,36,328526,men
2012,36,338982,women
2012,37,319069,men
2012,37,331018,women
2012,38,309961,men
2012,38,322898,women
2012,39,317870,men
2012,39,334662,women
2012,40,315131,men
2012,40,330855,women
2012,41,311217,men
2012,41,328456,women
2012,42,284671,men
2012,42,304963,women
2012,43,288184,men
2012,43,310541,women
2012,44,282238,men
2012,44,308307,women
2012,45,289325,men
2012,45,319650,women
2012,46,284526,men
2012,46,318665,women
2012,47,295373,men
2012,47,334480,women
2012,48,312563,men
2012,48,358933,women
2012,49,318620,men
2012,49,369642,women
2012,50,328499,men
2012,50,383002,women
2012,51,337729,men
2012,51,397779,women
2012,52,318278,men
2012,52,382989,women
2012,53,312857,men
2012,53,380826,women
2012,54,296711,men
2012,54,367328,women
2012,55,291393,men
2012,55,367402,women
2012,56,268657,men
2012,56,345056,women
2012,57,272406,men
2012,57,355974,women
2012,58,245472,men
2012,58,326464,women
2012,59,253626,men
2012,59,341683,women
2012,60,249987,men
2012,60,338987,women
2012,61,242894,men
2012,61,336014,women
2012,62,245521,men
2012,62,349845,women
2012,63,201110,men
2012,63,290886,women
2012,64,174256,men
2012,64,259997,women
2012,65,162669,men
2012,65,252157,women
2012,66,102762,men
2012,66,166960,women
2012,67,115528,men
2012,67,193284,women
2012,68,101286,men
2012,68,173014,women
2012,69,127251,men
2012,69,223259,women
2012,70,164535,men
2012,70,290769,women
2012,71,163483,men
2012,71,295455,women
2012,72,166737,men
2012,72,317885,women
2012,73,167711,men
2012,73,326236,women
2012,74,167861,men
2012,74,325966,women
2012,75,130738,men
2012,75,255213,women
2012,76,103312,men
2012,76,204152,women
2012,77,72882,men
2012,77,147673,women
2012,78,57494,men
2012,78,123047,women
2012,79,66933,men
2012,79,153951,women
2012,80 і старше,417104,men
2012,80 і старше,1191133,women
2012,Вік невідомий,NA,men
2012,Вік невідомий,NA,women
2013,0,266820,men
2013,0,250481,women
2013,1,256967,men
2013,1,241404,women
2013,2,254237,men
2013,2,239007,women
2013,3,262034,men
2013,3,245566,women
2013,4,260473,men
2013,4,244798,women
2013,5,239901,men
2013,5,227055,women
2013,6,233152,men
2013,6,221913,women
2013,7,216603,men
2013,7,204225,women
2013,8,216915,men
2013,8,205192,women
2013,9,206934,men
2013,9,196268,women
2013,10,198396,men
2013,10,186444,women
2013,11,190341,men
2013,11,179524,women
2013,12,195851,men
2013,12,185083,women
2013,13,197747,men
2013,13,187721,women
2013,14,209108,men
2013,14,200438,women
2013,15,218770,men
2013,15,208355,women
2013,16,236427,men
2013,16,225219,women
2013,17,246690,men
2013,17,234332,women
2013,18,258319,men
2013,18,244076,women
2013,19,273728,men
2013,19,259220,women
2013,20,294729,men
2013,20,279194,women
2013,21,315818,men
2013,21,299083,women
2013,22,331707,men
2013,22,314764,women
2013,23,346660,men
2013,23,330232,women
2013,24,368187,men
2013,24,351783,women
2013,25,379888,men
2013,25,363524,women
2013,26,401430,men
2013,26,386262,women
2013,27,388434,men
2013,27,375765,women
2013,28,396799,men
2013,28,383941,women
2013,29,403121,men
2013,29,389828,women
2013,30,368335,men
2013,30,354370,women
2013,31,352408,men
2013,31,346882,women
2013,32,358804,men
2013,32,354497,women
2013,33,337551,men
2013,33,335543,women
2013,34,332918,men
2013,34,335290,women
2013,35,320239,men
2013,35,326133,women
2013,36,336490,men
2013,36,343172,women
2013,37,326979,men
2013,37,338471,women
2013,38,317427,men
2013,38,330461,women
2013,39,308373,men
2013,39,322356,women
2013,40,316163,men
2013,40,334019,women
2013,41,313265,men
2013,41,330200,women
2013,42,309358,men
2013,42,327734,women
2013,43,282691,men
2013,43,304269,women
2013,44,286112,men
2013,44,309733,women
2013,45,279935,men
2013,45,307459,women
2013,46,286933,men
2013,46,318761,women
2013,47,282031,men
2013,47,317800,women
2013,48,292455,men
2013,48,333441,women
2013,49,309205,men
2013,49,357747,women
2013,50,314830,men
2013,50,368347,women
2013,51,324488,men
2013,51,381487,women
2013,52,333299,men
2013,52,396061,women
2013,53,313693,men
2013,53,381217,women
2013,54,308008,men
2013,54,378939,women
2013,55,291432,men
2013,55,365271,women
2013,56,286074,men
2013,56,365189,women
2013,57,263232,men
2013,57,342681,women
2013,58,266584,men
2013,58,353371,women
2013,59,239708,men
2013,59,323827,women
2013,60,246942,men
2013,60,338670,women
2013,61,242998,men
2013,61,335628,women
2013,62,235748,men
2013,62,332377,women
2013,63,237454,men
2013,63,345616,women
2013,64,194243,men
2013,64,287067,women
2013,65,167930,men
2013,65,256176,women
2013,66,156344,men
2013,66,248269,women
2013,67,98619,men
2013,67,164270,women
2013,68,110139,men
2013,68,189500,women
2013,69,96350,men
2013,69,169271,women
2013,70,120662,men
2013,70,217977,women
2013,71,155644,men
2013,71,283565,women
2013,72,154157,men
2013,72,287070,women
2013,73,156121,men
2013,73,307428,women
2013,74,156133,men
2013,74,314494,women
2013,75,155497,men
2013,75,312567,women
2013,76,120691,men
2013,76,243573,women
2013,77,94595,men
2013,77,193575,women
2013,78,66382,men
2013,78,139130,women
2013,79,52039,men
2013,79,114835,women
2013,80 і старше,418850,men
2013,80 і старше,1183465,women
2013,Вік невідомий,NA,men
2013,Вік невідомий,NA,women
2014,0,257889,men
2014,0,242595,women
2014,1,266548,men
2014,1,250262,women
2014,2,256882,men
2014,2,241358,women
2014,3,254179,men
2014,3,239007,women
2014,4,262046,men
2014,4,245549,women
2014,5,260462,men
2014,5,244798,women
2014,6,239891,men
2014,6,227076,women
2014,7,233152,men
2014,7,221908,women
2014,8,216593,men
2014,8,204219,women
2014,9,216904,men
2014,9,205203,women
2014,10,206907,men
2014,10,196256,women
2014,11,198396,men
2014,11,186433,women
2014,12,190331,men
2014,12,179533,women
2014,13,195817,men
2014,13,185068,women
2014,14,197721,men
2014,14,187706,women
2014,15,209022,men
2014,15,200377,women
2014,16,218749,men
2014,16,208363,women
2014,17,237163,men
2014,17,225503,women
2014,18,248512,men
2014,18,234992,women
2014,19,260300,men
2014,19,244829,women
2014,20,275158,men
2014,20,259828,women
2014,21,295535,men
2014,21,279555,women
2014,22,316052,men
2014,22,299294,women
2014,23,331823,men
2014,23,314809,women
2014,24,346383,men
2014,24,330201,women
2014,25,367417,men
2014,25,351690,women
2014,26,379178,men
2014,26,363496,women
2014,27,400805,men
2014,27,386173,women
2014,28,387768,men
2014,28,375639,women
2014,29,396090,men
2014,29,383828,women
2014,30,402193,men
2014,30,389522,women
2014,31,367334,men
2014,31,354149,women
2014,32,351448,men
2014,32,346607,women
2014,33,357498,men
2014,33,354131,women
2014,34,336227,men
2014,34,335077,women
2014,35,331379,men
2014,35,334836,women
2014,36,318698,men
2014,36,325671,women
2014,37,334800,men
2014,37,342586,women
2014,38,325320,men
2014,38,337837,women
2014,39,315641,men
2014,39,329838,women
2014,40,306580,men
2014,40,321720,women
2014,41,314187,men
2014,41,333319,women
2014,42,311296,men
2014,42,329483,women
2014,43,307257,men
2014,43,326882,women
2014,44,280695,men
2014,44,303490,women
2014,45,283837,men
2014,45,308843,women
2014,46,277439,men
2014,46,306551,women
2014,47,284282,men
2014,47,317791,women
2014,48,279313,men
2014,48,316724,women
2014,49,289351,men
2014,49,332293,women
2014,50,305482,men
2014,50,356388,women
2014,51,310828,men
2014,51,366938,women
2014,52,320129,men
2014,52,379838,women
2014,53,328553,men
2014,53,394277,women
2014,54,308694,men
2014,54,379285,women
2014,55,302632,men
2014,55,376887,women
2014,56,285917,men
2014,56,363106,women
2014,57,280605,men
2014,57,362732,women
2014,58,257708,men
2014,58,340178,women
2014,59,260524,men
2014,59,350555,women
2014,60,233650,men
2014,60,320914,women
2014,61,239926,men
2014,61,335402,women
2014,62,235560,men
2014,62,331975,women
2014,63,228245,men
2014,63,328518,women
2014,64,229076,men
2014,64,341195,women
2014,65,187222,men
2014,65,282891,women
2014,66,161457,men
2014,66,252173,women
2014,67,149948,men
2014,67,244150,women
2014,68,94415,men
2014,68,161332,women
2014,69,104710,men
2014,69,185444,women
2014,70,91375,men
2014,70,165214,women
2014,71,113936,men
2014,71,212300,women
2014,72,146984,men
2014,72,275697,women
2014,73,145047,men
2014,73,278018,women
2014,74,145579,men
2014,74,296706,women
2014,75,144735,men
2014,75,301924,women
2014,76,143457,men
2014,76,298210,women
2014,77,110720,men
2014,77,231267,women
2014,78,86018,men
2014,78,182262,women
2014,79,60132,men
2014,79,130269,women
2014,80 і старше,406576,men
2014,80 і старше,1138663,women
2014,Вік невідомий,NA,men
2014,Вік невідомий,NA,women
2015,0,238366,men
2015,0,224682,women
2015,1,242999,men
2015,1,228668,women
2015,2,251352,men
2015,2,236137,women
2015,3,242605,men
2015,3,228069,women
2015,4,239837,men
2015,4,225929,women
2015,5,247710,men
2015,5,232129,women
2015,6,246323,men
2015,6,231388,women
2015,7,226701,men
2015,7,214581,women
2015,8,221015,men
2015,8,210073,women
2015,9,205474,men
2015,9,193518,women
2015,10,205524,men
2015,10,194633,women
2015,11,196157,men
2015,11,186007,women
2015,12,188441,men
2015,12,177059,women
2015,13,180987,men
2015,13,170667,women
2015,14,186143,men
2015,14,175997,women
2015,15,188196,men
2015,15,178592,women
2015,16,199463,men
2015,16,191164,women
2015,17,209068,men
2015,17,199050,women
2015,18,227882,men
2015,18,215982,women
2015,19,238964,men
2015,19,225235,women
2015,20,249362,men
2015,20,234105,women
2015,21,262876,men
2015,21,248278,women
2015,22,281665,men
2015,22,266478,women
2015,23,300231,men
2015,23,284466,women
2015,24,314504,men
2015,24,298698,women
2015,25,327580,men
2015,25,312777,women
2015,26,346992,men
2015,26,332720,women
2015,27,357886,men
2015,27,343352,women
2015,28,378677,men
2015,28,365578,women
2015,29,366153,men
2015,29,355449,women
2015,30,374537,men
2015,30,363599,women
2015,31,378603,men
2015,31,368818,women
2015,32,344736,men
2015,32,335172,women
2015,33,330345,men
2015,33,328029,women
2015,34,337366,men
2015,34,335358,women
2015,35,317412,men
2015,35,317232,women
2015,36,312900,men
2015,36,317055,women
2015,37,300708,men
2015,37,308054,women
2015,38,316340,men
2015,38,324670,women
2015,39,307408,men
2015,39,320373,women
2015,40,298099,men
2015,40,312670,women
2015,41,289983,men
2015,41,305121,women
2015,42,297047,men
2015,42,315906,women
2015,43,294493,men
2015,43,312569,women
2015,44,290932,men
2015,44,310086,women
2015,45,264845,men
2015,45,287265,women
2015,46,267703,men
2015,46,292313,women
2015,47,261554,men
2015,47,290109,women
2015,48,267525,men
2015,48,299869,women
2015,49,261977,men
2015,49,298712,women
2015,50,271209,men
2015,50,313464,women
2015,51,286262,men
2015,51,336222,women
2015,52,290106,men
2015,52,345283,women
2015,53,299243,men
2015,53,357839,women
2015,54,307062,men
2015,54,371535,women
2015,55,287949,men
2015,55,356664,women
2015,56,281892,men
2015,56,354673,women
2015,57,265436,men
2015,57,340788,women
2015,58,259745,men
2015,58,339892,women
2015,59,237953,men
2015,59,317927,women
2015,60,240081,men
2015,60,327319,women
2015,61,214295,men
2015,61,299309,women
2015,62,219481,men
2015,62,312970,women
2015,63,215888,men
2015,63,309863,women
2015,64,209135,men
2015,64,306309,women
2015,65,209290,men
2015,65,317617,women
2015,66,170980,men
2015,66,263530,women
2015,67,146247,men
2015,67,233511,women
2015,68,135885,men
2015,68,226442,women
2015,69,85535,men
2015,69,149626,women
2015,70,94676,men
2015,70,172654,women
2015,71,82262,men
2015,71,153710,women
2015,72,101567,men
2015,72,195742,women
2015,73,130891,men
2015,73,253546,women
2015,74,128685,men
2015,74,254217,women
2015,75,127910,men
2015,75,269803,women
2015,76,126603,men
2015,76,273656,women
2015,77,124495,men
2015,77,268390,women
2015,78,96104,men
2015,78,207491,women
2015,79,73793,men
2015,79,162301,women
2015,80 і старше,383520,men
2015,80 і старше,1055101,women
2015,Вік невідомий,NA,men
2015,Вік невідомий,NA,women
2016,0,211339,men
2016,0,197833,women
2016,1,238053,men
2016,1,224436,women
2016,2,242884,men
2016,2,228566,women
2016,3,251286,men
2016,3,236070,women
2016,4,242525,men
2016,4,228012,women
2016,5,239790,men
2016,5,225895,women
2016,6,247658,men
2016,6,232081,women
2016,7,246292,men
2016,7,231359,women
2016,8,226677,men
2016,8,214535,women
2016,9,220970,men
2016,9,210041,women
2016,10,205415,men
2016,10,193481,women
2016,11,205494,men
2016,11,194605,women
2016,12,196088,men
2016,12,185961,women
2016,13,188378,men
2016,13,177020,women
2016,14,180933,men
2016,14,170616,women
2016,15,186068,men
2016,15,175950,women
2016,16,188132,men
2016,16,178596,women
2016,17,199667,men
2016,17,191300,women
2016,18,209887,men
2016,18,199416,women
2016,19,228717,men
2016,19,216345,women
2016,20,239365,men
2016,20,225479,women
2016,21,249004,men
2016,21,234132,women
2016,22,262351,men
2016,22,248210,women
2016,23,281119,men
2016,23,266380,women
2016,24,299627,men
2016,24,284254,women
2016,25,313751,men
2016,25,298618,women
2016,26,326933,men
2016,26,312701,women
2016,27,346300,men
2016,27,332604,women
2016,28,357229,men
2016,28,343228,women
2016,29,377924,men
2016,29,365398,women
2016,30,365389,men
2016,30,355317,women
2016,31,373599,men
2016,31,363325,women
2016,32,377596,men
2016,32,368473,women
2016,33,343652,men
2016,33,334841,women
2016,34,329211,men
2016,34,327713,women
2016,35,336112,men
2016,35,334930,women
2016,36,316073,men
2016,36,316770,women
2016,37,311492,men
2016,37,316567,women
2016,38,299213,men
2016,38,307561,women
2016,39,314648,men
2016,39,324098,women
2016,40,305622,men
2016,40,319800,women
2016,41,296250,men
2016,41,312008,women
2016,42,288153,men
2016,42,304467,women
2016,43,295105,men
2016,43,315155,women
2016,44,292515,men
2016,44,311807,women
2016,45,288882,men
2016,45,309322,women
2016,46,262769,men
2016,46,286474,women
2016,47,265315,men
2016,47,291439,women
2016,48,259160,men
2016,48,289260,women
2016,49,264886,men
2016,49,298893,women
2016,50,259215,men
2016,50,297676,women
2016,51,268174,men
2016,51,312280,women
2016,52,282787,men
2016,52,334969,women
2016,53,286276,men
2016,53,343840,women
2016,54,295213,men
2016,54,356263,women
2016,55,302282,men
2016,55,369718,women
2016,56,283130,men
2016,56,354777,women
2016,57,276830,men
2016,57,352682,women
2016,58,260318,men
2016,58,338471,women
2016,59,254431,men
2016,59,337497,women
2016,60,232462,men
2016,60,315462,women
2016,61,233782,men
2016,61,324457,women
2016,62,208379,men
2016,62,296363,women
2016,63,212821,men
2016,63,309520,women
2016,64,208929,men
2016,64,306173,women
2016,65,202140,men
2016,65,302258,women
2016,66,201406,men
2016,66,312895,women
2016,67,164310,men
2016,67,259283,women
2016,68,140031,men
2016,68,229249,women
2016,69,129849,men
2016,69,222131,women
2016,70,81538,men
2016,70,146446,women
2016,71,89398,men
2016,71,168292,women
2016,72,77468,men
2016,72,149507,women
2016,73,95195,men
2016,73,189839,women
2016,74,122876,men
2016,74,245425,women
2016,75,119964,men
2016,75,245102,women
2016,76,118369,men
2016,76,258565,women
2016,77,116399,men
2016,77,261038,women
2016,78,113614,men
2016,78,254250,women
2016,79,87444,men
2016,79,195204,women
2016,80 і старше,397353,men
2016,80 і старше,1072024,women
2016,Вік невідомий,NA,men
2016,Вік невідомий,NA,women
2017,0,203793,men
2017,0,190833,women
2017,1,211045,men
2017,1,197600,women
2017,2,237929,men
2017,2,224336,women
2017,3,242802,men
2017,3,228506,women
2017,4,251201,men
2017,4,236030,women
2017,5,242467,men
2017,5,227967,women
2017,6,239738,men
2017,6,225856,women
2017,7,247603,men
2017,7,232042,women
2017,8,246238,men
2017,8,231335,women
2017,9,226623,men
2017,9,214511,women
2017,10,220944,men
2017,10,210020,women
2017,11,205363,men
2017,11,193450,women
2017,12,205461,men
2017,12,194569,women
2017,13,196045,men
2017,13,185932,women
2017,14,188298,men
2017,14,176999,women
2017,15,180859,men
2017,15,170565,women
2017,16,185990,men
2017,16,175922,women
2017,17,188144,men
2017,17,178590,women
2017,18,199959,men
2017,18,191425,women
2017,19,210527,men
2017,19,199650,women
2017,20,229118,men
2017,20,216485,women
2017,21,239503,men
2017,21,225537,women
2017,22,249094,men
2017,22,234150,women
2017,23,262233,men
2017,23,248188,women
2017,24,280918,men
2017,24,266346,women
2017,25,299374,men
2017,25,284191,women
2017,26,313398,men
2017,26,298552,women
2017,27,326497,men
2017,27,312544,women
2017,28,345782,men
2017,28,332446,women
2017,29,356606,men
2017,29,343069,women
2017,30,377087,men
2017,30,365195,women
2017,31,364603,men
2017,31,355062,women
2017,32,372641,men
2017,32,363038,women
2017,33,376464,men
2017,33,368133,women
2017,34,342549,men
2017,34,334493,women
2017,35,327960,men
2017,35,327331,women
2017,36,334798,men
2017,36,334485,women
2017,37,314568,men
2017,37,316292,women
2017,38,309988,men
2017,38,315973,women
2017,39,297602,men
2017,39,307015,women
2017,40,312866,men
2017,40,323495,women
2017,41,303838,men
2017,41,319180,women
2017,42,294323,men
2017,42,311309,women
2017,43,286146,men
2017,43,303723,women
2017,44,293019,men
2017,44,314366,women
2017,45,290310,men
2017,45,310935,women
2017,46,286619,men
2017,46,308488,women
2017,47,260553,men
2017,47,285635,women
2017,48,262840,men
2017,48,290464,women
2017,49,256572,men
2017,49,288226,women
2017,50,262022,men
2017,50,297829,women
2017,51,256251,men
2017,51,296576,women
2017,52,264837,men
2017,52,311045,women
2017,53,279060,men
2017,53,333552,women
2017,54,282185,men
2017,54,342221,women
2017,55,290839,men
2017,55,354529,women
2017,56,297343,men
2017,56,367794,women
2017,57,278088,men
2017,57,352696,women
2017,58,271496,men
2017,58,350322,women
2017,59,254987,men
2017,59,335932,women
2017,60,248445,men
2017,60,334890,women
2017,61,226389,men
2017,61,312671,women
2017,62,227425,men
2017,62,321405,women
2017,63,202048,men
2017,63,293211,women
2017,64,205987,men
2017,64,305914,women
2017,65,201870,men
2017,65,302297,women
2017,66,195133,men
2017,66,297971,women
2017,67,193619,men
2017,67,307848,women
2017,68,157589,men
2017,68,254805,women
2017,69,133813,men
2017,69,224800,women
2017,70,123737,men
2017,70,217524,women
2017,71,77479,men
2017,71,143022,women
2017,72,84158,men
2017,72,163586,women
2017,73,72744,men
2017,73,144936,women
2017,74,88760,men
2017,74,183513,women
2017,75,114938,men
2017,75,236587,women
2017,76,111518,men
2017,76,235294,women
2017,77,108821,men
2017,77,246807,women
2017,78,106602,men
2017,78,247748,women
2017,79,103244,men
2017,79,239585,women
2017,80 і старше,424255,men
2017,80 і старше,1122931,women
2017,Вік невідомий,NA,men
2017,Вік невідомий,NA,women
2018,0,186249,men
2018,0,175540,women
2018,1,203612,men
2018,1,190704,women
2018,2,210970,men
2018,2,197562,women
2018,3,237860,men
2018,3,224277,women
2018,4,242735,men
2018,4,228464,women
2018,5,251130,men
2018,5,235993,women
2018,6,242412,men
2018,6,227890,women
2018,7,239702,men
2018,7,225812,women
2018,8,247559,men
2018,8,231999,women
2018,9,246176,men
2018,9,231298,women
2018,10,226564,men
2018,10,214495,women
2018,11,220909,men
2018,11,209978,women
2018,12,205307,men
2018,12,193413,women
2018,13,205406,men
2018,13,194548,women
2018,14,196012,men
2018,14,185914,women
2018,15,188228,men
2018,15,176981,women
2018,16,180824,men
2018,16,170569,women
2018,17,186186,men
2018,17,176019,women
2018,18,189258,men
2018,18,179078,women
2018,19,201471,men
2018,19,192029,women
2018,20,211406,men
2018,20,200108,women
2018,21,229126,men
2018,21,216597,women
2018,22,238811,men
2018,22,225470,women
2018,23,248375,men
2018,23,233980,women
2018,24,261652,men
2018,24,247985,women
2018,25,280177,men
2018,25,266164,women
2018,26,298720,men
2018,26,284077,women
2018,27,312702,men
2018,27,298394,women
2018,28,325929,men
2018,28,312426,women
2018,29,345074,men
2018,29,332287,women
2018,30,355862,men
2018,30,342871,women
2018,31,376261,men
2018,31,364935,women
2018,32,363707,men
2018,32,354801,women
2018,33,371652,men
2018,33,362715,women
2018,34,375315,men
2018,34,367803,women
2018,35,341427,men
2018,35,334104,women
2018,36,326819,men
2018,36,326940,women
2018,37,333438,men
2018,37,333962,women
2018,38,313194,men
2018,38,315779,women
2018,39,308440,men
2018,39,315414,women
2018,40,295959,men
2018,40,306413,women
2018,41,311141,men
2018,41,322915,women
2018,42,302079,men
2018,42,318522,women
2018,43,292295,men
2018,43,310582,women
2018,44,284147,men
2018,44,302993,women
2018,45,291008,men
2018,45,313573,women
2018,46,288046,men
2018,46,310065,women
2018,47,284217,men
2018,47,307611,women
2018,48,258279,men
2018,48,284748,women
2018,49,260336,men
2018,49,289547,women
2018,50,253738,men
2018,50,287181,women
2018,51,259091,men
2018,51,296697,women
2018,52,253238,men
2018,52,295429,women
2018,53,261415,men
2018,53,309729,women
2018,54,275157,men
2018,54,332060,women
2018,55,277815,men
2018,55,340567,women
2018,56,286253,men
2018,56,352807,women
2018,57,292336,men
2018,57,365746,women
2018,58,272802,men
2018,58,350588,women
2018,59,265998,men
2018,59,347866,women
2018,60,249164,men
2018,60,333426,women
2018,61,242464,men
2018,61,332184,women
2018,62,220318,men
2018,62,309794,women
2018,63,220974,men
2018,63,318175,women
2018,64,195975,men
2018,64,290001,women
2018,65,199191,men
2018,65,302232,women
2018,66,194822,men
2018,66,298194,women
2018,67,187846,men
2018,67,293508,women
2018,68,185654,men
2018,68,302423,women
2018,69,150706,men
2018,69,249945,women
2018,70,127622,men
2018,70,220123,women
2018,71,117577,men
2018,71,212546,women
2018,72,73484,men
2018,72,139598,women
2018,73,78939,men
2018,73,158533,women
2018,74,68046,men
2018,74,140106,women
2018,75,82581,men
2018,75,176816,women
2018,76,107218,men
2018,76,227786,women
2018,77,103162,men
2018,77,225131,women
2018,78,99682,men
2018,78,234596,women
2018,79,97145,men
2018,79,234156,women
2018,80 і старше,463603,men
2018,80 і старше,1214299,women
2018,Вік невідомий,NA-,men
2018,Вік невідомий,NA,women
